device_mac, date, type, intensity, steps, heartrate
fc:5a:18:28:15:53, 2018-04-16 09:51, 16, 2, 0, 255
fc:5a:18:28:15:53, 2018-04-16 09:52, 80, 0, 0, 255
fc:5a:18:28:15:53, 2018-04-16 09:53, 112, 3, 0, 255
fc:5a:18:28:15:53, 2018-04-16 09:54, 112, 0, 0, 255
fc:5a:18:28:15:53, 2018-04-16 09:55, 112, 0, 0, 255
fc:5a:18:28:15:53, 2018-04-16 09:56, 112, 11, 0, 255
fc:5a:18:28:15:53, 2018-04-16 09:57, 112, 0, 0, 255
fc:5a:18:28:15:53, 2018-04-16 09:58, 112, 0, 0, 255
fc:5a:18:28:15:53, 2018-04-16 09:59, 112, 0, 0, 255
fc:5a:18:28:15:53, 2018-04-16 10:00, 112, 0, 0, 255
fc:5a:18:28:15:53, 2018-04-16 10:01, 112, 0, 0, 255
fc:5a:18:28:15:53, 2018-04-16 10:02, 112, 1, 0, 255
fc:5a:18:28:15:53, 2018-04-16 10:03, 112, 1, 0, 255
fc:5a:18:28:15:53, 2018-04-16 10:04, 112, 0, 0, 255
fc:5a:18:28:15:53, 2018-04-16 10:05, 112, 0, 0, 255
fc:5a:18:28:15:53, 2018-04-16 10:06, 112, 0, 0, 255
fc:5a:18:28:15:53, 2018-04-16 10:07, 112, 0, 0, 255
fc:5a:18:28:15:53, 2018-04-16 10:08, 112, 0, 0, 255
fc:5a:18:28:15:53, 2018-04-16 10:09, 112, 0, 0, 255
fc:5a:18:28:15:53, 2018-04-16 10:10, 112, 0, 0, 255
fc:5a:18:28:15:53, 2018-04-16 10:11, 6, 30, 0, 84
fc:5a:18:28:15:53, 2018-04-16 10:12, 6, 9, 0, 255
fc:5a:18:28:15:53, 2018-04-16 10:13, 112, 34, 0, 255
fc:5a:18:28:15:53, 2018-04-16 10:14, 112, 16, 0, 255
fc:5a:18:28:15:53, 2018-04-16 10:15, 112, 22, 0, 255
fc:5a:18:28:15:53, 2018-04-16 10:16, 112, 22, 0, 66
fc:5a:18:28:15:53, 2018-04-16 10:17, 112, 25, 0, 255
fc:5a:18:28:15:53, 2018-04-16 10:18, 112, 35, 0, 255
fc:5a:18:28:15:53, 2018-04-16 10:19, 112, 1, 0, 255
fc:5a:18:28:15:53, 2018-04-16 10:20, 112, 0, 0, 255
fc:5a:18:28:15:53, 2018-04-16 10:21, 122, 20, 0, 0
fc:5a:18:28:15:53, 2018-04-16 10:22, 112, 0, 0, 255
fc:5a:18:28:15:53, 2018-04-16 10:23, 112, 0, 0, 255
fc:5a:18:28:15:53, 2018-04-16 10:24, 112, 0, 0, 255
fc:5a:18:28:15:53, 2018-04-16 10:25, 112, 0, 0, 255
fc:5a:18:28:15:53, 2018-04-16 10:26, 112, 0, 0, 0
fc:5a:18:28:15:53, 2018-04-16 10:27, 112, 0, 0, 255
fc:5a:18:28:15:53, 2018-04-16 10:28, 112, 0, 0, 255
fc:5a:18:28:15:53, 2018-04-16 10:29, 112, 18, 0, 255
fc:5a:18:28:15:53, 2018-04-16 10:30, 112, 0, 0, 255
fc:5a:18:28:15:53, 2018-04-16 10:31, 112, 0, 0, 0
fc:5a:18:28:15:53, 2018-04-16 10:32, 112, 0, 0, 255
fc:5a:18:28:15:53, 2018-04-16 10:33, 112, 0, 0, 255
fc:5a:18:28:15:53, 2018-04-16 10:34, 112, 0, 0, 255
fc:5a:18:28:15:53, 2018-04-16 10:35, 112, 0, 0, 255
fc:5a:18:28:15:53, 2018-04-16 10:36, 112, 0, 0, 0
fc:5a:18:28:15:53, 2018-04-16 10:37, 112, 0, 0, 255
fc:5a:18:28:15:53, 2018-04-16 10:38, 112, 0, 0, 255
fc:5a:18:28:15:53, 2018-04-16 10:39, 112, 0, 0, 255
fc:5a:18:28:15:53, 2018-04-16 10:40, 112, 0, 0, 255
fc:5a:18:28:15:53, 2018-04-16 10:41, 112, 0, 0, 0
fc:5a:18:28:15:53, 2018-04-16 10:42, 112, 0, 0, 255
fc:5a:18:28:15:53, 2018-04-16 10:43, 112, 4, 0, 255
fc:5a:18:28:15:53, 2018-04-16 10:44, 112, 0, 0, 255
fc:5a:18:28:15:53, 2018-04-16 10:45, 112, 0, 0, 255
fc:5a:18:28:15:53, 2018-04-16 10:46, 112, 0, 0, 0
fc:5a:18:28:15:53, 2018-04-16 10:47, 112, 0, 0, 255
fc:5a:18:28:15:53, 2018-04-16 10:48, 112, 0, 0, 255
fc:5a:18:28:15:53, 2018-04-16 10:49, 112, 0, 0, 255
fc:5a:18:28:15:53, 2018-04-16 10:50, 112, 12, 0, 255
fc:5a:18:28:15:53, 2018-04-16 10:51, 112, 17, 0, 62
fc:5a:18:28:15:53, 2018-04-16 10:52, 112, 11, 0, 255
fc:5a:18:28:15:53, 2018-04-16 10:53, 112, 11, 0, 255
fc:5a:18:28:15:53, 2018-04-16 10:54, 112, 23, 0, 255
fc:5a:18:28:15:53, 2018-04-16 10:55, 112, 4, 0, 255
fc:5a:18:28:15:53, 2018-04-16 10:56, 112, 18, 0, 44
fc:5a:18:28:15:53, 2018-04-16 10:57, 112, 25, 0, 255
fc:5a:18:28:15:53, 2018-04-16 10:58, 112, 0, 0, 255
fc:5a:18:28:15:53, 2018-04-16 10:59, 112, 10, 0, 255
fc:5a:18:28:15:53, 2018-04-16 11:00, 112, 0, 0, 255
fc:5a:18:28:15:53, 2018-04-16 11:01, 112, 0, 0, 0
fc:5a:18:28:15:53, 2018-04-16 11:02, 112, 0, 0, 255
fc:5a:18:28:15:53, 2018-04-16 11:03, 112, 0, 0, 255
fc:5a:18:28:15:53, 2018-04-16 11:04, 112, 0, 0, 255
fc:5a:18:28:15:53, 2018-04-16 11:05, 112, 0, 0, 255
fc:5a:18:28:15:53, 2018-04-16 11:06, 112, 0, 0, 0
fc:5a:18:28:15:53, 2018-04-16 11:07, 112, 0, 0, 255
fc:5a:18:28:15:53, 2018-04-16 11:08, 112, 0, 0, 255
fc:5a:18:28:15:53, 2018-04-16 11:09, 112, 0, 0, 255
fc:5a:18:28:15:53, 2018-04-16 11:10, 112, 0, 0, 255
fc:5a:18:28:15:53, 2018-04-16 11:11, 112, 0, 0, 0
fc:5a:18:28:15:53, 2018-04-16 11:12, 112, 0, 0, 255
fc:5a:18:28:15:53, 2018-04-16 11:13, 112, 0, 0, 255
fc:5a:18:28:15:53, 2018-04-16 11:14, 112, 0, 0, 255
fc:5a:18:28:15:53, 2018-04-16 11:15, 112, 0, 0, 255
fc:5a:18:28:15:53, 2018-04-16 11:16, 112, 0, 0, 0
fc:5a:18:28:15:53, 2018-04-16 11:17, 112, 0, 0, 255
fc:5a:18:28:15:53, 2018-04-16 11:18, 112, 0, 0, 255
fc:5a:18:28:15:53, 2018-04-16 11:19, 112, 0, 0, 255
fc:5a:18:28:15:53, 2018-04-16 11:20, 112, 0, 0, 255
fc:5a:18:28:15:53, 2018-04-16 11:21, 122, 20, 0, 0
fc:5a:18:28:15:53, 2018-04-16 11:22, 112, 0, 0, 255
fc:5a:18:28:15:53, 2018-04-16 11:23, 112, 0, 0, 255
fc:5a:18:28:15:53, 2018-04-16 11:24, 112, 0, 0, 255
fc:5a:18:28:15:53, 2018-04-16 11:25, 112, 0, 0, 255
fc:5a:18:28:15:53, 2018-04-16 11:26, 112, 0, 0, 0
fc:5a:18:28:15:53, 2018-04-16 11:27, 112, 0, 0, 255
fc:5a:18:28:15:53, 2018-04-16 11:28, 112, 0, 0, 255
fc:5a:18:28:15:53, 2018-04-16 11:29, 112, 0, 0, 255
fc:5a:18:28:15:53, 2018-04-16 11:30, 112, 0, 0, 255
fc:5a:18:28:15:53, 2018-04-16 11:31, 122, 20, 0, 0
fc:5a:18:28:15:53, 2018-04-16 11:32, 112, 4, 0, 255
fc:5a:18:28:15:53, 2018-04-16 11:33, 112, 0, 0, 255
fc:5a:18:28:15:53, 2018-04-16 11:34, 112, 0, 0, 255
fc:5a:18:28:15:53, 2018-04-16 11:35, 112, 0, 0, 255
fc:5a:18:28:15:53, 2018-04-16 11:36, 112, 0, 0, 0
fc:5a:18:28:15:53, 2018-04-16 11:37, 112, 0, 0, 255
fc:5a:18:28:15:53, 2018-04-16 11:38, 112, 0, 0, 255
fc:5a:18:28:15:53, 2018-04-16 11:39, 112, 0, 0, 255
fc:5a:18:28:15:53, 2018-04-16 11:40, 112, 0, 0, 255
fc:5a:18:28:15:53, 2018-04-16 11:41, 112, 0, 0, 0
fc:5a:18:28:15:53, 2018-04-16 11:42, 112, 0, 0, 255
fc:5a:18:28:15:53, 2018-04-16 11:43, 112, 10, 0, 255
fc:5a:18:28:15:53, 2018-04-16 11:44, 112, 0, 0, 255
fc:5a:18:28:15:53, 2018-04-16 11:45, 112, 0, 0, 255
fc:5a:18:28:15:53, 2018-04-16 11:46, 112, 0, 0, 0
fc:5a:18:28:15:53, 2018-04-16 11:47, 112, 0, 0, 255
fc:5a:18:28:15:53, 2018-04-16 11:48, 112, 0, 0, 255
fc:5a:18:28:15:53, 2018-04-16 11:49, 112, 0, 0, 255
fc:5a:18:28:15:53, 2018-04-16 11:50, 112, 0, 0, 255
fc:5a:18:28:15:53, 2018-04-16 11:51, 112, 0, 0, 0
fc:5a:18:28:15:53, 2018-04-16 11:52, 112, 0, 0, 255
fc:5a:18:28:15:53, 2018-04-16 11:53, 112, 0, 0, 255
fc:5a:18:28:15:53, 2018-04-16 11:54, 112, 0, 0, 255
fc:5a:18:28:15:53, 2018-04-16 11:55, 112, 0, 0, 255
fc:5a:18:28:15:53, 2018-04-16 11:56, 112, 0, 0, 0
fc:5a:18:28:15:53, 2018-04-16 11:57, 112, 0, 0, 255
fc:5a:18:28:15:53, 2018-04-16 11:58, 112, 0, 0, 255
fc:5a:18:28:15:53, 2018-04-16 11:59, 112, 0, 0, 255
fc:5a:18:28:15:53, 2018-04-16 12:00, 112, 0, 0, 255
fc:5a:18:28:15:53, 2018-04-16 12:01, 112, 0, 0, 0
fc:5a:18:28:15:53, 2018-04-16 12:02, 112, 0, 0, 255
fc:5a:18:28:15:53, 2018-04-16 12:03, 112, 0, 0, 255
fc:5a:18:28:15:53, 2018-04-16 12:04, 112, 0, 0, 255
fc:5a:18:28:15:53, 2018-04-16 12:05, 112, 0, 0, 255
fc:5a:18:28:15:53, 2018-04-16 12:06, 112, 0, 0, 0
fc:5a:18:28:15:53, 2018-04-16 12:07, 112, 0, 0, 255
fc:5a:18:28:15:53, 2018-04-16 12:08, 112, 0, 0, 255
fc:5a:18:28:15:53, 2018-04-16 12:09, 112, 0, 0, 255
fc:5a:18:28:15:53, 2018-04-16 12:10, 112, 0, 0, 255
fc:5a:18:28:15:53, 2018-04-16 12:11, 112, 0, 0, 0
fc:5a:18:28:15:53, 2018-04-16 12:12, 112, 0, 0, 255
fc:5a:18:28:15:53, 2018-04-16 12:13, 112, 0, 0, 255
fc:5a:18:28:15:53, 2018-04-16 12:14, 112, 0, 0, 255
fc:5a:18:28:15:53, 2018-04-16 12:15, 112, 0, 0, 255
fc:5a:18:28:15:53, 2018-04-16 12:16, 112, 0, 0, 0
fc:5a:18:28:15:53, 2018-04-16 12:17, 112, 0, 0, 255
fc:5a:18:28:15:53, 2018-04-16 12:18, 112, 0, 0, 255
fc:5a:18:28:15:53, 2018-04-16 12:19, 112, 0, 0, 255
fc:5a:18:28:15:53, 2018-04-16 12:20, 112, 0, 0, 255
fc:5a:18:28:15:53, 2018-04-16 12:21, 112, 0, 0, 0
fc:5a:18:28:15:53, 2018-04-16 12:22, 112, 0, 0, 255
fc:5a:18:28:15:53, 2018-04-16 12:23, 112, 0, 0, 255
fc:5a:18:28:15:53, 2018-04-16 12:24, 112, 0, 0, 255
fc:5a:18:28:15:53, 2018-04-16 12:25, 112, 0, 0, 255
fc:5a:18:28:15:53, 2018-04-16 12:26, 112, 0, 0, 0
fc:5a:18:28:15:53, 2018-04-16 12:27, 112, 2, 0, 255
fc:5a:18:28:15:53, 2018-04-16 12:28, 112, 0, 0, 255
fc:5a:18:28:15:53, 2018-04-16 12:29, 112, 0, 0, 255
fc:5a:18:28:15:53, 2018-04-16 12:30, 122, 20, 0, 255
fc:5a:18:28:15:53, 2018-04-16 12:31, 122, 20, 0, 0
fc:5a:18:28:15:53, 2018-04-16 12:32, 122, 20, 0, 255
fc:5a:18:28:15:53, 2018-04-16 12:33, 122, 20, 0, 255
fc:5a:18:28:15:53, 2018-04-16 12:34, 122, 20, 0, 255
fc:5a:18:28:15:53, 2018-04-16 12:35, 112, 0, 0, 255
fc:5a:18:28:15:53, 2018-04-16 12:36, 112, 0, 0, 0
fc:5a:18:28:15:53, 2018-04-16 12:37, 112, 0, 0, 255
fc:5a:18:28:15:53, 2018-04-16 12:38, 112, 0, 0, 255
fc:5a:18:28:15:53, 2018-04-16 12:39, 112, 0, 0, 255
fc:5a:18:28:15:53, 2018-04-16 12:40, 112, 0, 0, 255
fc:5a:18:28:15:53, 2018-04-16 12:41, 112, 0, 0, 0
fc:5a:18:28:15:53, 2018-04-16 12:42, 112, 0, 0, 255
fc:5a:18:28:15:53, 2018-04-16 12:43, 112, 0, 0, 255
fc:5a:18:28:15:53, 2018-04-16 12:44, 122, 20, 0, 255
fc:5a:18:28:15:53, 2018-04-16 12:45, 122, 20, 0, 255
fc:5a:18:28:15:53, 2018-04-16 12:46, 122, 20, 0, 0
fc:5a:18:28:15:53, 2018-04-16 12:47, 122, 20, 0, 255
fc:5a:18:28:15:53, 2018-04-16 12:48, 122, 20, 0, 255
fc:5a:18:28:15:53, 2018-04-16 12:49, 122, 20, 0, 255
fc:5a:18:28:15:53, 2018-04-16 12:50, 112, 0, 0, 255
fc:5a:18:28:15:53, 2018-04-16 12:51, 112, 2, 0, 0
fc:5a:18:28:15:53, 2018-04-16 12:52, 112, 0, 0, 255
fc:5a:18:28:15:53, 2018-04-16 12:53, 112, 0, 0, 255
fc:5a:18:28:15:53, 2018-04-16 12:54, 112, 0, 0, 255
fc:5a:18:28:15:53, 2018-04-16 12:55, 112, 0, 0, 255
fc:5a:18:28:15:53, 2018-04-16 12:56, 112, 0, 0, 0
fc:5a:18:28:15:53, 2018-04-16 12:57, 112, 0, 0, 255
fc:5a:18:28:15:53, 2018-04-16 12:58, 112, 0, 0, 255
fc:5a:18:28:15:53, 2018-04-16 12:59, 112, 0, 0, 255
fc:5a:18:28:15:53, 2018-04-16 13:00, 112, 0, 0, 255
fc:5a:18:28:15:53, 2018-04-16 13:01, 112, 0, 0, 0
fc:5a:18:28:15:53, 2018-04-16 13:02, 112, 0, 0, 255
fc:5a:18:28:15:53, 2018-04-16 13:03, 112, 0, 0, 255
fc:5a:18:28:15:53, 2018-04-16 13:04, 112, 0, 0, 255
fc:5a:18:28:15:53, 2018-04-16 13:05, 112, 0, 0, 255
fc:5a:18:28:15:53, 2018-04-16 13:06, 112, 0, 0, 0
fc:5a:18:28:15:53, 2018-04-16 13:07, 112, 19, 0, 255
fc:5a:18:28:15:53, 2018-04-16 13:08, 112, 0, 0, 255
fc:5a:18:28:15:53, 2018-04-16 13:09, 112, 0, 0, 255
fc:5a:18:28:15:53, 2018-04-16 13:10, 112, 0, 0, 255
fc:5a:18:28:15:53, 2018-04-16 13:11, 112, 0, 0, 0
fc:5a:18:28:15:53, 2018-04-16 13:12, 112, 0, 0, 255
fc:5a:18:28:15:53, 2018-04-16 13:13, 112, 0, 0, 255
fc:5a:18:28:15:53, 2018-04-16 13:14, 112, 0, 0, 255
fc:5a:18:28:15:53, 2018-04-16 13:15, 112, 0, 0, 255
fc:5a:18:28:15:53, 2018-04-16 13:16, 112, 0, 0, 0
fc:5a:18:28:15:53, 2018-04-16 13:17, 112, 0, 0, 255
fc:5a:18:28:15:53, 2018-04-16 13:18, 112, 0, 0, 255
fc:5a:18:28:15:53, 2018-04-16 13:19, 112, 0, 0, 255
fc:5a:18:28:15:53, 2018-04-16 13:20, 112, 0, 0, 255
fc:5a:18:28:15:53, 2018-04-16 13:21, 112, 0, 0, 0
fc:5a:18:28:15:53, 2018-04-16 13:22, 112, 0, 0, 255
fc:5a:18:28:15:53, 2018-04-16 13:23, 112, 0, 0, 255
fc:5a:18:28:15:53, 2018-04-16 13:24, 112, 0, 0, 255
fc:5a:18:28:15:53, 2018-04-16 13:25, 112, 0, 0, 255
fc:5a:18:28:15:53, 2018-04-16 13:26, 112, 0, 0, 0
fc:5a:18:28:15:53, 2018-04-16 13:27, 112, 0, 0, 255
fc:5a:18:28:15:53, 2018-04-16 13:28, 112, 0, 0, 255
fc:5a:18:28:15:53, 2018-04-16 13:29, 112, 0, 0, 255
fc:5a:18:28:15:53, 2018-04-16 13:30, 112, 0, 0, 255
fc:5a:18:28:15:53, 2018-04-16 13:31, 112, 0, 0, 0
fc:5a:18:28:15:53, 2018-04-16 13:32, 112, 0, 0, 255
fc:5a:18:28:15:53, 2018-04-16 13:33, 112, 0, 0, 255
fc:5a:18:28:15:53, 2018-04-16 13:34, 112, 0, 0, 255
fc:5a:18:28:15:53, 2018-04-16 13:35, 112, 0, 0, 255
fc:5a:18:28:15:53, 2018-04-16 13:36, 112, 0, 0, 0
fc:5a:18:28:15:53, 2018-04-16 13:37, 112, 0, 0, 255
fc:5a:18:28:15:53, 2018-04-16 13:38, 112, 0, 0, 255
fc:5a:18:28:15:53, 2018-04-16 13:39, 112, 0, 0, 255
fc:5a:18:28:15:53, 2018-04-16 13:40, 112, 0, 0, 255
fc:5a:18:28:15:53, 2018-04-16 13:41, 112, 0, 0, 0
fc:5a:18:28:15:53, 2018-04-16 13:42, 112, 0, 0, 255
fc:5a:18:28:15:53, 2018-04-16 13:43, 112, 0, 0, 255
fc:5a:18:28:15:53, 2018-04-16 13:44, 112, 0, 0, 255
fc:5a:18:28:15:53, 2018-04-16 13:45, 112, 0, 0, 255
fc:5a:18:28:15:53, 2018-04-16 13:46, 112, 0, 0, 0
fc:5a:18:28:15:53, 2018-04-16 13:47, 112, 0, 0, 255
fc:5a:18:28:15:53, 2018-04-16 13:48, 112, 0, 0, 255
fc:5a:18:28:15:53, 2018-04-16 13:49, 112, 0, 0, 255
fc:5a:18:28:15:53, 2018-04-16 13:50, 112, 0, 0, 255
fc:5a:18:28:15:53, 2018-04-16 13:51, 112, 0, 0, 0
fc:5a:18:28:15:53, 2018-04-16 13:52, 112, 0, 0, 255
fc:5a:18:28:15:53, 2018-04-16 13:53, 112, 0, 0, 255
fc:5a:18:28:15:53, 2018-04-16 13:54, 112, 0, 0, 255
fc:5a:18:28:15:53, 2018-04-16 13:55, 112, 0, 0, 255
fc:5a:18:28:15:53, 2018-04-16 13:56, 112, 0, 0, 0
fc:5a:18:28:15:53, 2018-04-16 13:57, 112, 0, 0, 255
fc:5a:18:28:15:53, 2018-04-16 13:58, 112, 0, 0, 255
fc:5a:18:28:15:53, 2018-04-16 13:59, 112, 0, 0, 255
fc:5a:18:28:15:53, 2018-04-16 14:00, 112, 0, 0, 255
fc:5a:18:28:15:53, 2018-04-16 14:01, 112, 0, 0, 0
fc:5a:18:28:15:53, 2018-04-16 14:02, 112, 0, 0, 255
fc:5a:18:28:15:53, 2018-04-16 14:03, 112, 0, 0, 255
fc:5a:18:28:15:53, 2018-04-16 14:04, 112, 0, 0, 255
fc:5a:18:28:15:53, 2018-04-16 14:05, 112, 0, 0, 255
fc:5a:18:28:15:53, 2018-04-16 14:06, 112, 0, 0, 0
fc:5a:18:28:15:53, 2018-04-16 14:07, 112, 0, 0, 255
fc:5a:18:28:15:53, 2018-04-16 14:08, 112, 0, 0, 255
fc:5a:18:28:15:53, 2018-04-16 14:09, 112, 0, 0, 255
fc:5a:18:28:15:53, 2018-04-16 14:10, 112, 0, 0, 255
fc:5a:18:28:15:53, 2018-04-16 14:11, 112, 0, 0, 0
fc:5a:18:28:15:53, 2018-04-16 14:12, 112, 0, 0, 255
fc:5a:18:28:15:53, 2018-04-16 14:13, 112, 0, 0, 255
fc:5a:18:28:15:53, 2018-04-16 14:14, 112, 0, 0, 255
fc:5a:18:28:15:53, 2018-04-16 14:15, 112, 0, 0, 255
fc:5a:18:28:15:53, 2018-04-16 14:16, 112, 0, 0, 0
fc:5a:18:28:15:53, 2018-04-16 14:17, 112, 0, 0, 255
fc:5a:18:28:15:53, 2018-04-16 14:18, 112, 0, 0, 255
fc:5a:18:28:15:53, 2018-04-16 14:19, 112, 0, 0, 255
fc:5a:18:28:15:53, 2018-04-16 14:20, 112, 0, 0, 255
fc:5a:18:28:15:53, 2018-04-16 14:21, 112, 0, 0, 0
fc:5a:18:28:15:53, 2018-04-16 14:22, 112, 0, 0, 255
fc:5a:18:28:15:53, 2018-04-16 14:23, 112, 0, 0, 255
fc:5a:18:28:15:53, 2018-04-16 14:24, 112, 0, 0, 255
fc:5a:18:28:15:53, 2018-04-16 14:25, 112, 0, 0, 255
fc:5a:18:28:15:53, 2018-04-16 14:26, 112, 0, 0, 0
fc:5a:18:28:15:53, 2018-04-16 14:27, 112, 0, 0, 255
fc:5a:18:28:15:53, 2018-04-16 14:28, 112, 0, 0, 255
fc:5a:18:28:15:53, 2018-04-16 14:29, 112, 0, 0, 255
fc:5a:18:28:15:53, 2018-04-16 14:30, 112, 0, 0, 255
fc:5a:18:28:15:53, 2018-04-16 14:31, 112, 0, 0, 0
fc:5a:18:28:15:53, 2018-04-16 14:32, 112, 0, 0, 255
fc:5a:18:28:15:53, 2018-04-16 14:33, 112, 0, 0, 255
fc:5a:18:28:15:53, 2018-04-16 14:34, 112, 0, 0, 255
fc:5a:18:28:15:53, 2018-04-16 14:35, 112, 0, 0, 255
fc:5a:18:28:15:53, 2018-04-16 14:36, 112, 0, 0, 0
fc:5a:18:28:15:53, 2018-04-16 14:37, 112, 0, 0, 255
fc:5a:18:28:15:53, 2018-04-16 14:38, 112, 0, 0, 255
fc:5a:18:28:15:53, 2018-04-16 14:39, 112, 0, 0, 255
fc:5a:18:28:15:53, 2018-04-16 14:40, 112, 0, 0, 255
fc:5a:18:28:15:53, 2018-04-16 14:41, 112, 0, 0, 0
fc:5a:18:28:15:53, 2018-04-16 14:42, 112, 0, 0, 255
fc:5a:18:28:15:53, 2018-04-16 14:43, 112, 0, 0, 255
fc:5a:18:28:15:53, 2018-04-16 14:44, 112, 0, 0, 255
fc:5a:18:28:15:53, 2018-04-16 14:45, 112, 0, 0, 255
fc:5a:18:28:15:53, 2018-04-16 14:46, 112, 0, 0, 0
fc:5a:18:28:15:53, 2018-04-16 14:47, 112, 0, 0, 255
fc:5a:18:28:15:53, 2018-04-16 14:48, 112, 0, 0, 255
fc:5a:18:28:15:53, 2018-04-16 14:49, 112, 0, 0, 255
fc:5a:18:28:15:53, 2018-04-16 14:50, 112, 0, 0, 255
fc:5a:18:28:15:53, 2018-04-16 14:51, 112, 0, 0, 0
fc:5a:18:28:15:53, 2018-04-16 14:52, 112, 0, 0, 255
fc:5a:18:28:15:53, 2018-04-16 14:53, 112, 0, 0, 255
fc:5a:18:28:15:53, 2018-04-16 14:54, 112, 0, 0, 255
fc:5a:18:28:15:53, 2018-04-16 14:55, 112, 0, 0, 255
fc:5a:18:28:15:53, 2018-04-16 14:56, 112, 0, 0, 0
fc:5a:18:28:15:53, 2018-04-16 14:57, 112, 0, 0, 255
fc:5a:18:28:15:53, 2018-04-16 14:58, 112, 0, 0, 255
fc:5a:18:28:15:53, 2018-04-16 14:59, 112, 0, 0, 255
fc:5a:18:28:15:53, 2018-04-16 15:00, 112, 0, 0, 255
fc:5a:18:28:15:53, 2018-04-16 15:01, 112, 0, 0, 0
fc:5a:18:28:15:53, 2018-04-16 15:02, 112, 0, 0, 255
fc:5a:18:28:15:53, 2018-04-16 15:03, 112, 0, 0, 255
fc:5a:18:28:15:53, 2018-04-16 15:04, 112, 0, 0, 255
fc:5a:18:28:15:53, 2018-04-16 15:05, 112, 0, 0, 255
fc:5a:18:28:15:53, 2018-04-16 15:06, 112, 0, 0, 0
fc:5a:18:28:15:53, 2018-04-16 15:07, 112, 0, 0, 255
fc:5a:18:28:15:53, 2018-04-16 15:08, 112, 0, 0, 255
fc:5a:18:28:15:53, 2018-04-16 15:09, 112, 0, 0, 255
fc:5a:18:28:15:53, 2018-04-16 15:10, 112, 0, 0, 255
fc:5a:18:28:15:53, 2018-04-16 15:11, 112, 0, 0, 0
fc:5a:18:28:15:53, 2018-04-16 15:12, 112, 0, 0, 255
fc:5a:18:28:15:53, 2018-04-16 15:13, 112, 0, 0, 255
fc:5a:18:28:15:53, 2018-04-16 15:14, 112, 0, 0, 255
fc:5a:18:28:15:53, 2018-04-16 15:15, 112, 0, 0, 255
fc:5a:18:28:15:53, 2018-04-16 15:16, 112, 0, 0, 0
fc:5a:18:28:15:53, 2018-04-16 15:17, 112, 0, 0, 255
fc:5a:18:28:15:53, 2018-04-16 15:18, 112, 0, 0, 255
fc:5a:18:28:15:53, 2018-04-16 15:19, 112, 0, 0, 255
fc:5a:18:28:15:53, 2018-04-16 15:20, 112, 0, 0, 255
fc:5a:18:28:15:53, 2018-04-16 15:21, 112, 0, 0, 0
fc:5a:18:28:15:53, 2018-04-16 15:22, 112, 0, 0, 255
fc:5a:18:28:15:53, 2018-04-16 15:23, 112, 0, 0, 255
fc:5a:18:28:15:53, 2018-04-16 15:24, 112, 0, 0, 255
fc:5a:18:28:15:53, 2018-04-16 15:25, 112, 0, 0, 255
fc:5a:18:28:15:53, 2018-04-16 15:26, 112, 0, 0, 0
fc:5a:18:28:15:53, 2018-04-16 15:27, 112, 0, 0, 255
fc:5a:18:28:15:53, 2018-04-16 15:28, 112, 0, 0, 255
fc:5a:18:28:15:53, 2018-04-16 15:29, 112, 0, 0, 255
fc:5a:18:28:15:53, 2018-04-16 15:30, 112, 0, 0, 255
fc:5a:18:28:15:53, 2018-04-16 15:31, 112, 0, 0, 0
fc:5a:18:28:15:53, 2018-04-16 15:32, 112, 0, 0, 255
fc:5a:18:28:15:53, 2018-04-16 15:33, 112, 0, 0, 255
fc:5a:18:28:15:53, 2018-04-16 15:34, 112, 0, 0, 255
fc:5a:18:28:15:53, 2018-04-16 15:35, 112, 0, 0, 255
fc:5a:18:28:15:53, 2018-04-16 15:36, 112, 0, 0, 0
fc:5a:18:28:15:53, 2018-04-16 15:37, 112, 0, 0, 255
fc:5a:18:28:15:53, 2018-04-16 15:38, 112, 0, 0, 255
fc:5a:18:28:15:53, 2018-04-16 15:39, 112, 0, 0, 255
fc:5a:18:28:15:53, 2018-04-16 15:40, 112, 0, 0, 255
fc:5a:18:28:15:53, 2018-04-16 15:41, 112, 0, 0, 0
fc:5a:18:28:15:53, 2018-04-16 15:42, 112, 0, 0, 255
fc:5a:18:28:15:53, 2018-04-16 15:43, 112, 0, 0, 255
fc:5a:18:28:15:53, 2018-04-16 15:44, 112, 0, 0, 255
fc:5a:18:28:15:53, 2018-04-16 15:45, 112, 0, 0, 255
fc:5a:18:28:15:53, 2018-04-16 15:46, 112, 0, 0, 0
fc:5a:18:28:15:53, 2018-04-16 15:47, 112, 0, 0, 255
fc:5a:18:28:15:53, 2018-04-16 15:48, 112, 0, 0, 255
fc:5a:18:28:15:53, 2018-04-16 15:49, 112, 0, 0, 255
fc:5a:18:28:15:53, 2018-04-16 15:50, 112, 0, 0, 255
fc:5a:18:28:15:53, 2018-04-16 15:51, 112, 0, 0, 0
fc:5a:18:28:15:53, 2018-04-16 15:52, 112, 0, 0, 255
fc:5a:18:28:15:53, 2018-04-16 15:53, 112, 0, 0, 255
fc:5a:18:28:15:53, 2018-04-16 15:54, 112, 0, 0, 255
fc:5a:18:28:15:53, 2018-04-16 15:55, 112, 26, 0, 255
fc:5a:18:28:15:53, 2018-04-16 15:56, 112, 14, 0, 0
fc:5a:18:28:15:53, 2018-04-16 15:57, 112, 7, 0, 255
fc:5a:18:28:15:53, 2018-04-16 15:58, 122, 20, 0, 255
fc:5a:18:28:15:53, 2018-04-16 15:59, 112, 14, 0, 255
fc:5a:18:28:15:53, 2018-04-16 16:00, 112, 0, 0, 255
fc:5a:18:28:15:53, 2018-04-16 16:01, 112, 0, 0, 0
fc:5a:18:28:15:53, 2018-04-16 16:02, 112, 2, 0, 255
fc:5a:18:28:15:53, 2018-04-16 16:03, 112, 6, 0, 255
fc:5a:18:28:15:53, 2018-04-16 16:04, 112, 3, 0, 255
fc:5a:18:28:15:53, 2018-04-16 16:05, 112, 0, 0, 255
fc:5a:18:28:15:53, 2018-04-16 16:06, 112, 0, 0, 0
fc:5a:18:28:15:53, 2018-04-16 16:07, 112, 0, 0, 255
fc:5a:18:28:15:53, 2018-04-16 16:08, 112, 0, 0, 255
fc:5a:18:28:15:53, 2018-04-16 16:09, 112, 38, 0, 255
fc:5a:18:28:15:53, 2018-04-16 16:10, 28, 45, 21, 255
fc:5a:18:28:15:53, 2018-04-16 16:11, 16, 37, 13, 0
fc:5a:18:28:15:53, 2018-04-16 16:12, 96, 0, 0, 255
fc:5a:18:28:15:53, 2018-04-16 16:13, 96, 12, 0, 255
fc:5a:18:28:15:53, 2018-04-16 16:14, 96, 14, 0, 255
fc:5a:18:28:15:53, 2018-04-16 16:15, 96, 0, 0, 255
fc:5a:18:28:15:53, 2018-04-16 16:16, 80, 0, 0, 0
fc:5a:18:28:15:53, 2018-04-16 16:17, 80, 0, 0, 255
fc:5a:18:28:15:53, 2018-04-16 16:18, 80, 0, 0, 255
fc:5a:18:28:15:53, 2018-04-16 16:19, 80, 0, 0, 255
fc:5a:18:28:15:53, 2018-04-16 16:20, 80, 0, 0, 255
fc:5a:18:28:15:53, 2018-04-16 16:21, 80, 0, 0, 0
fc:5a:18:28:15:53, 2018-04-16 16:22, 112, 0, 0, 255
fc:5a:18:28:15:53, 2018-04-16 16:23, 112, 0, 0, 255
fc:5a:18:28:15:53, 2018-04-16 16:24, 123, 0, 0, 255
fc:5a:18:28:15:53, 2018-04-16 16:25, 112, 0, 0, 0
fc:5a:18:28:15:53, 2018-04-16 16:26, 112, 0, 0, 255
fc:5a:18:28:15:53, 2018-04-16 16:27, 112, 0, 0, 0
fc:5a:18:28:15:53, 2018-04-16 16:28, 112, 0, 0, 255
fc:5a:18:28:15:53, 2018-04-16 16:29, 112, 0, 0, 0
fc:5a:18:28:15:53, 2018-04-16 16:30, 112, 0, 0, 255
fc:5a:18:28:15:53, 2018-04-16 16:31, 112, 0, 0, 0
fc:5a:18:28:15:53, 2018-04-16 16:32, 112, 0, 0, 255
fc:5a:18:28:15:53, 2018-04-16 16:33, 112, 0, 0, 0
fc:5a:18:28:15:53, 2018-04-16 16:34, 112, 0, 0, 255
fc:5a:18:28:15:53, 2018-04-16 16:35, 112, 0, 0, 0
fc:5a:18:28:15:53, 2018-04-16 16:36, 112, 10, 0, 255
fc:5a:18:28:15:53, 2018-04-16 16:37, 112, 7, 0, 0
fc:5a:18:28:15:53, 2018-04-16 16:38, 112, 0, 0, 255
fc:5a:18:28:15:53, 2018-04-16 16:39, 112, 0, 0, 0
fc:5a:18:28:15:53, 2018-04-16 16:40, 112, 0, 0, 255
fc:5a:18:28:15:53, 2018-04-16 16:41, 112, 54, 0, 0
fc:5a:18:28:15:53, 2018-04-16 16:42, 112, 84, 0, 255
fc:5a:18:28:15:53, 2018-04-16 16:43, 28, 59, 31, 45
fc:5a:18:28:15:53, 2018-04-16 16:44, 96, 59, 12, 255
fc:5a:18:28:15:53, 2018-04-16 16:45, 96, 49, 4, 255
fc:5a:18:28:15:53, 2018-04-16 16:46, 96, 55, 14, 255
fc:5a:18:28:15:53, 2018-04-16 16:47, 1, 103, 105, 255
fc:5a:18:28:15:53, 2018-04-16 16:48, 1, 99, 96, 90
fc:5a:18:28:15:53, 2018-04-16 16:49, 1, 110, 103, 255
fc:5a:18:28:15:53, 2018-04-16 16:50, 1, 119, 112, 255
fc:5a:18:28:15:53, 2018-04-16 16:51, 1, 121, 107, 255
fc:5a:18:28:15:53, 2018-04-16 16:52, 1, 64, 20, 255
fc:5a:18:28:15:53, 2018-04-16 16:53, 96, 20, 0, 76
fc:5a:18:28:15:53, 2018-04-16 16:54, 96, 19, 0, 255
fc:5a:18:28:15:53, 2018-04-16 16:55, 80, 2, 0, 255
fc:5a:18:28:15:53, 2018-04-16 16:56, 80, 17, 0, 255
fc:5a:18:28:15:53, 2018-04-16 16:57, 80, 24, 0, 255
fc:5a:18:28:15:53, 2018-04-16 16:58, 80, 23, 0, 84
fc:5a:18:28:15:53, 2018-04-16 16:59, 80, 19, 0, 255
fc:5a:18:28:15:53, 2018-04-16 17:00, 80, 12, 0, 255
fc:5a:18:28:15:53, 2018-04-16 17:01, 80, 24, 0, 255
fc:5a:18:28:15:53, 2018-04-16 17:02, 17, 74, 36, 255
fc:5a:18:28:15:53, 2018-04-16 17:03, 17, 83, 52, 101
fc:5a:18:28:15:53, 2018-04-16 17:04, 1, 44, 26, 255
fc:5a:18:28:15:53, 2018-04-16 17:05, 17, 110, 94, 255
fc:5a:18:28:15:53, 2018-04-16 17:06, 1, 99, 87, 255
fc:5a:18:28:15:53, 2018-04-16 17:07, 17, 67, 39, 255
fc:5a:18:28:15:53, 2018-04-16 17:08, 96, 21, 1, 47
fc:5a:18:28:15:53, 2018-04-16 17:09, 96, 3, 0, 255
fc:5a:18:28:15:53, 2018-04-16 17:10, 1, 41, 21, 255
fc:5a:18:28:15:53, 2018-04-16 17:11, 1, 103, 64, 255
fc:5a:18:28:15:53, 2018-04-16 17:12, 1, 120, 108, 255
fc:5a:18:28:15:53, 2018-04-16 17:13, 1, 97, 102, 54
fc:5a:18:28:15:53, 2018-04-16 17:14, 1, 65, 49, 255
fc:5a:18:28:15:53, 2018-04-16 17:15, 1, 75, 71, 255
fc:5a:18:28:15:53, 2018-04-16 17:16, 1, 97, 100, 255
fc:5a:18:28:15:53, 2018-04-16 17:17, 17, 62, 49, 255
fc:5a:18:28:15:53, 2018-04-16 17:18, 1, 44, 24, 62
fc:5a:18:28:15:53, 2018-04-16 17:19, 1, 47, 16, 255
fc:5a:18:28:15:53, 2018-04-16 17:20, 96, 20, 0, 255
fc:5a:18:28:15:53, 2018-04-16 17:21, 96, 37, 0, 255
fc:5a:18:28:15:53, 2018-04-16 17:22, 106, 20, 0, 255
fc:5a:18:28:15:53, 2018-04-16 17:23, 96, 8, 0, 87
fc:5a:18:28:15:53, 2018-04-16 17:24, 96, 9, 0, 255
fc:5a:18:28:15:53, 2018-04-16 17:25, 96, 8, 0, 255
fc:5a:18:28:15:53, 2018-04-16 17:26, 96, 22, 0, 255
fc:5a:18:28:15:53, 2018-04-16 17:27, 1, 99, 52, 255
fc:5a:18:28:15:53, 2018-04-16 17:28, 1, 87, 74, 78
fc:5a:18:28:15:53, 2018-04-16 17:29, 1, 79, 50, 255
fc:5a:18:28:15:53, 2018-04-16 17:30, 1, 69, 46, 255
fc:5a:18:28:15:53, 2018-04-16 17:31, 1, 112, 107, 255
fc:5a:18:28:15:53, 2018-04-16 17:32, 1, 117, 108, 255
fc:5a:18:28:15:53, 2018-04-16 17:33, 1, 111, 108, 85
fc:5a:18:28:15:53, 2018-04-16 17:34, 1, 98, 76, 255
fc:5a:18:28:15:53, 2018-04-16 17:35, 96, 58, 0, 255
fc:5a:18:28:15:53, 2018-04-16 17:36, 96, 35, 0, 255
fc:5a:18:28:15:53, 2018-04-16 17:37, 96, 34, 10, 255
fc:5a:18:28:15:53, 2018-04-16 17:38, 80, 10, 0, 82
fc:5a:18:28:15:53, 2018-04-16 17:39, 80, 6, 0, 255
fc:5a:18:28:15:53, 2018-04-16 17:40, 80, 13, 0, 255
fc:5a:18:28:15:53, 2018-04-16 17:41, 80, 21, 0, 255
fc:5a:18:28:15:53, 2018-04-16 17:42, 80, 18, 0, 255
fc:5a:18:28:15:53, 2018-04-16 17:43, 80, 51, 0, 49
fc:5a:18:28:15:53, 2018-04-16 17:44, 80, 14, 0, 255
fc:5a:18:28:15:53, 2018-04-16 17:45, 90, 20, 0, 255
fc:5a:18:28:15:53, 2018-04-16 17:46, 80, 23, 0, 255
fc:5a:18:28:15:53, 2018-04-16 17:47, 80, 21, 0, 255
fc:5a:18:28:15:53, 2018-04-16 17:48, 80, 15, 0, 81
fc:5a:18:28:15:53, 2018-04-16 17:49, 80, 26, 0, 255
fc:5a:18:28:15:53, 2018-04-16 17:50, 1, 79, 54, 255
fc:5a:18:28:15:53, 2018-04-16 17:51, 17, 87, 54, 255
fc:5a:18:28:15:53, 2018-04-16 17:52, 1, 104, 60, 255
fc:5a:18:28:15:53, 2018-04-16 17:53, 1, 105, 90, 69
fc:5a:18:28:15:53, 2018-04-16 17:54, 1, 89, 92, 255
fc:5a:18:28:15:53, 2018-04-16 17:55, 1, 100, 95, 255
fc:5a:18:28:15:53, 2018-04-16 17:56, 1, 99, 86, 255
fc:5a:18:28:15:53, 2018-04-16 17:57, 1, 105, 96, 255
fc:5a:18:28:15:53, 2018-04-16 17:58, 1, 80, 61, 99
fc:5a:18:28:15:53, 2018-04-16 17:59, 1, 75, 44, 255
fc:5a:18:28:15:53, 2018-04-16 18:00, 1, 99, 94, 255
fc:5a:18:28:15:53, 2018-04-16 18:01, 17, 87, 65, 255
fc:5a:18:28:15:53, 2018-04-16 18:02, 1, 87, 74, 255
fc:5a:18:28:15:53, 2018-04-16 18:03, 1, 105, 103, 48
fc:5a:18:28:15:53, 2018-04-16 18:04, 1, 103, 106, 255
fc:5a:18:28:15:53, 2018-04-16 18:05, 1, 110, 108, 255
fc:5a:18:28:15:53, 2018-04-16 18:06, 1, 116, 106, 255
fc:5a:18:28:15:53, 2018-04-16 18:07, 1, 117, 101, 255
fc:5a:18:28:15:53, 2018-04-16 18:08, 1, 116, 103, 103
fc:5a:18:28:15:53, 2018-04-16 18:09, 1, 110, 105, 255
fc:5a:18:28:15:53, 2018-04-16 18:10, 1, 108, 105, 255
fc:5a:18:28:15:53, 2018-04-16 18:11, 1, 110, 106, 255
fc:5a:18:28:15:53, 2018-04-16 18:12, 1, 108, 104, 255
fc:5a:18:28:15:53, 2018-04-16 18:13, 1, 121, 114, 112
fc:5a:18:28:15:53, 2018-04-16 18:14, 1, 85, 68, 255
fc:5a:18:28:15:53, 2018-04-16 18:15, 1, 77, 38, 255
fc:5a:18:28:15:53, 2018-04-16 18:16, 96, 61, 10, 255
fc:5a:18:28:15:53, 2018-04-16 18:17, 96, 38, 0, 255
fc:5a:18:28:15:53, 2018-04-16 18:18, 96, 49, 0, 103
fc:5a:18:28:15:53, 2018-04-16 18:19, 96, 51, 0, 255
fc:5a:18:28:15:53, 2018-04-16 18:20, 96, 55, 14, 255
fc:5a:18:28:15:53, 2018-04-16 18:21, 1, 49, 15, 255
fc:5a:18:28:15:53, 2018-04-16 18:22, 96, 51, 0, 255
fc:5a:18:28:15:53, 2018-04-16 18:23, 96, 43, 13, 102
fc:5a:18:28:15:53, 2018-04-16 18:24, 96, 21, 0, 255
fc:5a:18:28:15:53, 2018-04-16 18:25, 96, 20, 0, 255
fc:5a:18:28:15:53, 2018-04-16 18:26, 96, 28, 0, 255
fc:5a:18:28:15:53, 2018-04-16 18:27, 96, 44, 0, 255
fc:5a:18:28:15:53, 2018-04-16 18:28, 96, 50, 0, 50
fc:5a:18:28:15:53, 2018-04-16 18:29, 80, 50, 0, 255
fc:5a:18:28:15:53, 2018-04-16 18:30, 80, 11, 0, 255
fc:5a:18:28:15:53, 2018-04-16 18:31, 96, 13, 0, 255
fc:5a:18:28:15:53, 2018-04-16 18:32, 17, 91, 47, 255
fc:5a:18:28:15:53, 2018-04-16 18:33, 17, 81, 70, 92
fc:5a:18:28:15:53, 2018-04-16 18:34, 1, 90, 95, 255
fc:5a:18:28:15:53, 2018-04-16 18:35, 1, 89, 96, 255
fc:5a:18:28:15:53, 2018-04-16 18:36, 1, 95, 99, 255
fc:5a:18:28:15:53, 2018-04-16 18:37, 1, 89, 100, 255
fc:5a:18:28:15:53, 2018-04-16 18:38, 1, 90, 98, 98
fc:5a:18:28:15:53, 2018-04-16 18:39, 1, 87, 89, 255
fc:5a:18:28:15:53, 2018-04-16 18:40, 1, 105, 105, 255
fc:5a:18:28:15:53, 2018-04-16 18:41, 1, 108, 106, 255
fc:5a:18:28:15:53, 2018-04-16 18:42, 1, 107, 104, 255
fc:5a:18:28:15:53, 2018-04-16 18:43, 1, 98, 97, 57
fc:5a:18:28:15:53, 2018-04-16 18:44, 1, 95, 102, 255
fc:5a:18:28:15:53, 2018-04-16 18:45, 1, 104, 105, 255
fc:5a:18:28:15:53, 2018-04-16 18:46, 1, 103, 105, 255
fc:5a:18:28:15:53, 2018-04-16 18:47, 1, 101, 102, 255
fc:5a:18:28:15:53, 2018-04-16 18:48, 1, 102, 104, 83
fc:5a:18:28:15:53, 2018-04-16 18:49, 1, 103, 104, 255
fc:5a:18:28:15:53, 2018-04-16 18:50, 1, 109, 106, 255
fc:5a:18:28:15:53, 2018-04-16 18:51, 1, 103, 109, 255
fc:5a:18:28:15:53, 2018-04-16 18:52, 17, 99, 86, 255
fc:5a:18:28:15:53, 2018-04-16 18:53, 1, 63, 20, 102
fc:5a:18:28:15:53, 2018-04-16 18:54, 96, 32, 0, 255
fc:5a:18:28:15:53, 2018-04-16 18:55, 80, 22, 0, 255
fc:5a:18:28:15:53, 2018-04-16 18:56, 90, 20, 0, 255
fc:5a:18:28:15:53, 2018-04-16 18:57, 80, 30, 0, 255
fc:5a:18:28:15:53, 2018-04-16 18:58, 80, 16, 0, 85
fc:5a:18:28:15:53, 2018-04-16 18:59, 80, 20, 0, 255
fc:5a:18:28:15:53, 2018-04-16 19:00, 80, 15, 0, 255
fc:5a:18:28:15:53, 2018-04-16 19:01, 80, 13, 0, 255
fc:5a:18:28:15:53, 2018-04-16 19:02, 80, 1, 0, 255
fc:5a:18:28:15:53, 2018-04-16 19:03, 80, 3, 0, 52
fc:5a:18:28:15:53, 2018-04-16 19:04, 80, 43, 0, 255
fc:5a:18:28:15:53, 2018-04-16 19:05, 80, 34, 0, 255
fc:5a:18:28:15:53, 2018-04-16 19:06, 80, 19, 0, 255
fc:5a:18:28:15:53, 2018-04-16 19:07, 80, 5, 0, 255
fc:5a:18:28:15:53, 2018-04-16 19:08, 80, 17, 0, 68
fc:5a:18:28:15:53, 2018-04-16 19:09, 80, 19, 0, 255
fc:5a:18:28:15:53, 2018-04-16 19:10, 80, 40, 0, 255
fc:5a:18:28:15:53, 2018-04-16 19:11, 80, 37, 0, 255
fc:5a:18:28:15:53, 2018-04-16 19:12, 80, 32, 0, 255
fc:5a:18:28:15:53, 2018-04-16 19:13, 80, 52, 0, 74
fc:5a:18:28:15:53, 2018-04-16 19:14, 80, 41, 0, 255
fc:5a:18:28:15:53, 2018-04-16 19:15, 80, 26, 0, 255
fc:5a:18:28:15:53, 2018-04-16 19:16, 80, 29, 0, 255
fc:5a:18:28:15:53, 2018-04-16 19:17, 80, 33, 0, 255
fc:5a:18:28:15:53, 2018-04-16 19:18, 80, 10, 0, 80
fc:5a:18:28:15:53, 2018-04-16 19:19, 80, 22, 0, 255
fc:5a:18:28:15:53, 2018-04-16 19:20, 80, 40, 0, 255
fc:5a:18:28:15:53, 2018-04-16 19:21, 80, 32, 0, 255
fc:5a:18:28:15:53, 2018-04-16 19:22, 80, 31, 0, 255
fc:5a:18:28:15:53, 2018-04-16 19:23, 80, 17, 0, 78
fc:5a:18:28:15:53, 2018-04-16 19:24, 80, 22, 0, 255
fc:5a:18:28:15:53, 2018-04-16 19:25, 80, 32, 0, 255
fc:5a:18:28:15:53, 2018-04-16 19:26, 80, 46, 0, 255
fc:5a:18:28:15:53, 2018-04-16 19:27, 80, 34, 0, 255
fc:5a:18:28:15:53, 2018-04-16 19:28, 80, 10, 0, 102
fc:5a:18:28:15:53, 2018-04-16 19:29, 80, 16, 0, 255
fc:5a:18:28:15:53, 2018-04-16 19:30, 80, 48, 0, 255
fc:5a:18:28:15:53, 2018-04-16 19:31, 80, 18, 0, 255
fc:5a:18:28:15:53, 2018-04-16 19:32, 80, 8, 0, 255
fc:5a:18:28:15:53, 2018-04-16 19:33, 80, 5, 0, 75
fc:5a:18:28:15:53, 2018-04-16 19:34, 80, 2, 0, 255
fc:5a:18:28:15:53, 2018-04-16 19:35, 80, 2, 0, 255
fc:5a:18:28:15:53, 2018-04-16 19:36, 90, 20, 0, 255
fc:5a:18:28:15:53, 2018-04-16 19:37, 80, 3, 0, 255
fc:5a:18:28:15:53, 2018-04-16 19:38, 80, 6, 0, 77
fc:5a:18:28:15:53, 2018-04-16 19:39, 80, 24, 0, 255
fc:5a:18:28:15:53, 2018-04-16 19:40, 80, 9, 0, 255
fc:5a:18:28:15:53, 2018-04-16 19:41, 80, 20, 0, 255
fc:5a:18:28:15:53, 2018-04-16 19:42, 80, 5, 0, 255
fc:5a:18:28:15:53, 2018-04-16 19:43, 80, 4, 0, 78
fc:5a:18:28:15:53, 2018-04-16 19:44, 80, 14, 0, 255
fc:5a:18:28:15:53, 2018-04-16 19:45, 80, 9, 0, 255
fc:5a:18:28:15:53, 2018-04-16 19:46, 80, 2, 0, 255
fc:5a:18:28:15:53, 2018-04-16 19:47, 80, 24, 0, 255
fc:5a:18:28:15:53, 2018-04-16 19:48, 80, 29, 0, 82
fc:5a:18:28:15:53, 2018-04-16 19:49, 80, 47, 0, 255
fc:5a:18:28:15:53, 2018-04-16 19:50, 1, 48, 21, 255
fc:5a:18:28:15:53, 2018-04-16 19:51, 1, 89, 76, 255
fc:5a:18:28:15:53, 2018-04-16 19:52, 1, 94, 94, 255
fc:5a:18:28:15:53, 2018-04-16 19:53, 1, 98, 100, 52
fc:5a:18:28:15:53, 2018-04-16 19:54, 1, 93, 95, 255
fc:5a:18:28:15:53, 2018-04-16 19:55, 1, 95, 102, 255
fc:5a:18:28:15:53, 2018-04-16 19:56, 1, 80, 96, 255
fc:5a:18:28:15:53, 2018-04-16 19:57, 1, 84, 97, 255
fc:5a:18:28:15:53, 2018-04-16 19:58, 1, 78, 95, 67
fc:5a:18:28:15:53, 2018-04-16 19:59, 1, 75, 92, 255
fc:5a:18:28:15:53, 2018-04-16 20:00, 1, 72, 75, 255
fc:5a:18:28:15:53, 2018-04-16 20:01, 96, 24, 0, 255
fc:5a:18:28:15:53, 2018-04-16 20:02, 1, 77, 78, 255
fc:5a:18:28:15:53, 2018-04-16 20:03, 1, 89, 96, 102
fc:5a:18:28:15:53, 2018-04-16 20:04, 1, 81, 77, 255
fc:5a:18:28:15:53, 2018-04-16 20:05, 1, 94, 95, 255
fc:5a:18:28:15:53, 2018-04-16 20:06, 1, 78, 92, 255
fc:5a:18:28:15:53, 2018-04-16 20:07, 1, 67, 70, 255
fc:5a:18:28:15:53, 2018-04-16 20:08, 96, 19, 0, 88
fc:5a:18:28:15:53, 2018-04-16 20:09, 96, 47, 13, 255
fc:5a:18:28:15:53, 2018-04-16 20:10, 1, 68, 35, 255
fc:5a:18:28:15:53, 2018-04-16 20:11, 1, 66, 28, 255
fc:5a:18:28:15:53, 2018-04-16 20:12, 1, 78, 60, 255
fc:5a:18:28:15:53, 2018-04-16 20:13, 1, 53, 26, 63
fc:5a:18:28:15:53, 2018-04-16 20:14, 1, 54, 38, 255
fc:5a:18:28:15:53, 2018-04-16 20:15, 96, 36, 13, 255
fc:5a:18:28:15:53, 2018-04-16 20:16, 1, 49, 19, 255
fc:5a:18:28:15:53, 2018-04-16 20:17, 1, 47, 16, 255
fc:5a:18:28:15:53, 2018-04-16 20:18, 16, 44, 13, 64
fc:5a:18:28:15:53, 2018-04-16 20:19, 96, 44, 0, 255
fc:5a:18:28:15:53, 2018-04-16 20:20, 96, 54, 0, 255
fc:5a:18:28:15:53, 2018-04-16 20:21, 1, 85, 88, 255
fc:5a:18:28:15:53, 2018-04-16 20:22, 1, 75, 53, 255
fc:5a:18:28:15:53, 2018-04-16 20:23, 1, 62, 51, 91
fc:5a:18:28:15:53, 2018-04-16 20:24, 1, 76, 77, 255
fc:5a:18:28:15:53, 2018-04-16 20:25, 1, 88, 97, 255
fc:5a:18:28:15:53, 2018-04-16 20:26, 1, 81, 98, 255
fc:5a:18:28:15:53, 2018-04-16 20:27, 1, 78, 93, 255
fc:5a:18:28:15:53, 2018-04-16 20:28, 1, 66, 26, 85
fc:5a:18:28:15:53, 2018-04-16 20:29, 96, 43, 0, 255
fc:5a:18:28:15:53, 2018-04-16 20:30, 80, 20, 0, 255
fc:5a:18:28:15:53, 2018-04-16 20:31, 80, 14, 0, 255
fc:5a:18:28:15:53, 2018-04-16 20:32, 80, 34, 0, 255
fc:5a:18:28:15:53, 2018-04-16 20:33, 80, 16, 0, 41
fc:5a:18:28:15:53, 2018-04-16 20:34, 80, 7, 0, 255
fc:5a:18:28:15:53, 2018-04-16 20:35, 80, 24, 0, 255
fc:5a:18:28:15:53, 2018-04-16 20:36, 80, 4, 0, 255
fc:5a:18:28:15:53, 2018-04-16 20:37, 90, 20, 0, 255
fc:5a:18:28:15:53, 2018-04-16 20:38, 80, 23, 0, 78
fc:5a:18:28:15:53, 2018-04-16 20:39, 80, 14, 0, 255
fc:5a:18:28:15:53, 2018-04-16 20:40, 80, 16, 0, 255
fc:5a:18:28:15:53, 2018-04-16 20:41, 80, 22, 0, 255
fc:5a:18:28:15:53, 2018-04-16 20:42, 80, 27, 0, 255
fc:5a:18:28:15:53, 2018-04-16 20:43, 80, 16, 0, 59
fc:5a:18:28:15:53, 2018-04-16 20:44, 80, 17, 0, 255
fc:5a:18:28:15:53, 2018-04-16 20:45, 80, 19, 0, 255
fc:5a:18:28:15:53, 2018-04-16 20:46, 80, 33, 0, 255
fc:5a:18:28:15:53, 2018-04-16 20:47, 80, 17, 0, 255
fc:5a:18:28:15:53, 2018-04-16 20:48, 80, 26, 0, 62
fc:5a:18:28:15:53, 2018-04-16 20:49, 80, 20, 0, 255
fc:5a:18:28:15:53, 2018-04-16 20:50, 80, 16, 0, 255
fc:5a:18:28:15:53, 2018-04-16 20:51, 80, 10, 0, 255
fc:5a:18:28:15:53, 2018-04-16 20:52, 80, 21, 0, 255
fc:5a:18:28:15:53, 2018-04-16 20:53, 80, 2, 0, 75
fc:5a:18:28:15:53, 2018-04-16 20:54, 80, 18, 0, 255
fc:5a:18:28:15:53, 2018-04-16 20:55, 80, 8, 0, 255
fc:5a:18:28:15:53, 2018-04-16 20:56, 80, 17, 0, 255
fc:5a:18:28:15:53, 2018-04-16 20:57, 80, 12, 0, 255
fc:5a:18:28:15:53, 2018-04-16 20:58, 80, 24, 0, 71
fc:5a:18:28:15:53, 2018-04-16 20:59, 80, 19, 0, 255
fc:5a:18:28:15:53, 2018-04-16 21:00, 80, 21, 0, 255
fc:5a:18:28:15:53, 2018-04-16 21:01, 80, 12, 0, 255
fc:5a:18:28:15:53, 2018-04-16 21:02, 80, 7, 0, 255
fc:5a:18:28:15:53, 2018-04-16 21:03, 80, 8, 0, 73
fc:5a:18:28:15:53, 2018-04-16 21:04, 80, 10, 0, 255
fc:5a:18:28:15:53, 2018-04-16 21:05, 80, 26, 0, 255
fc:5a:18:28:15:53, 2018-04-16 21:06, 80, 55, 14, 255
fc:5a:18:28:15:53, 2018-04-16 21:07, 1, 64, 62, 255
fc:5a:18:28:15:53, 2018-04-16 21:08, 1, 56, 41, 79
fc:5a:18:28:15:53, 2018-04-16 21:09, 1, 54, 68, 255
fc:5a:18:28:15:53, 2018-04-16 21:10, 1, 70, 91, 255
fc:5a:18:28:15:53, 2018-04-16 21:11, 1, 77, 94, 255
fc:5a:18:28:15:53, 2018-04-16 21:12, 1, 79, 97, 255
fc:5a:18:28:15:53, 2018-04-16 21:13, 1, 78, 98, 85
fc:5a:18:28:15:53, 2018-04-16 21:14, 1, 73, 39, 255
fc:5a:18:28:15:53, 2018-04-16 21:15, 96, 62, 14, 255
fc:5a:18:28:15:53, 2018-04-16 21:16, 96, 61, 0, 255
fc:5a:18:28:15:53, 2018-04-16 21:17, 96, 65, 0, 255
fc:5a:18:28:15:53, 2018-04-16 21:18, 1, 65, 32, 100
fc:5a:18:28:15:53, 2018-04-16 21:19, 96, 55, 0, 255
fc:5a:18:28:15:53, 2018-04-16 21:20, 96, 45, 0, 255
fc:5a:18:28:15:53, 2018-04-16 21:21, 96, 64, 11, 255
fc:5a:18:28:15:53, 2018-04-16 21:22, 1, 40, 16, 255
fc:5a:18:28:15:53, 2018-04-16 21:23, 80, 40, 0, 75
fc:5a:18:28:15:53, 2018-04-16 21:24, 90, 20, 0, 255
fc:5a:18:28:15:53, 2018-04-16 21:25, 80, 52, 0, 255
fc:5a:18:28:15:53, 2018-04-16 21:26, 96, 51, 0, 255
fc:5a:18:28:15:53, 2018-04-16 21:27, 96, 57, 0, 255
fc:5a:18:28:15:53, 2018-04-16 21:28, 80, 45, 0, 72
fc:5a:18:28:15:53, 2018-04-16 21:29, 80, 49, 0, 255
fc:5a:18:28:15:53, 2018-04-16 21:30, 80, 64, 0, 255
fc:5a:18:28:15:53, 2018-04-16 21:31, 96, 33, 0, 255
fc:5a:18:28:15:53, 2018-04-16 21:32, 80, 55, 0, 255
fc:5a:18:28:15:53, 2018-04-16 21:33, 80, 41, 0, 89
fc:5a:18:28:15:53, 2018-04-16 21:34, 80, 47, 0, 255
fc:5a:18:28:15:53, 2018-04-16 21:35, 80, 62, 0, 255
fc:5a:18:28:15:53, 2018-04-16 21:36, 80, 63, 0, 255
fc:5a:18:28:15:53, 2018-04-16 21:37, 80, 70, 0, 255
fc:5a:18:28:15:53, 2018-04-16 21:38, 96, 50, 0, 94
fc:5a:18:28:15:53, 2018-04-16 21:39, 80, 48, 0, 255
fc:5a:18:28:15:53, 2018-04-16 21:40, 80, 55, 0, 255
fc:5a:18:28:15:53, 2018-04-16 21:41, 80, 37, 0, 255
fc:5a:18:28:15:53, 2018-04-16 21:42, 80, 35, 0, 255
fc:5a:18:28:15:53, 2018-04-16 21:43, 80, 52, 0, 49
fc:5a:18:28:15:53, 2018-04-16 21:44, 96, 22, 0, 255
fc:5a:18:28:15:53, 2018-04-16 21:45, 80, 27, 0, 255
fc:5a:18:28:15:53, 2018-04-16 21:46, 80, 52, 0, 255
fc:5a:18:28:15:53, 2018-04-16 21:47, 80, 51, 0, 255
fc:5a:18:28:15:53, 2018-04-16 21:48, 96, 35, 0, 88
fc:5a:18:28:15:53, 2018-04-16 21:49, 80, 22, 0, 255
fc:5a:18:28:15:53, 2018-04-16 21:50, 1, 68, 34, 255
fc:5a:18:28:15:53, 2018-04-16 21:51, 1, 97, 48, 255
fc:5a:18:28:15:53, 2018-04-16 21:52, 1, 67, 25, 255
fc:5a:18:28:15:53, 2018-04-16 21:53, 96, 66, 0, 0
fc:5a:18:28:15:53, 2018-04-16 21:54, 1, 79, 50, 255
fc:5a:18:28:15:53, 2018-04-16 21:55, 96, 67, 0, 255
fc:5a:18:28:15:53, 2018-04-16 21:56, 96, 17, 0, 255
fc:5a:18:28:15:53, 2018-04-16 21:57, 96, 16, 0, 255
fc:5a:18:28:15:53, 2018-04-16 21:58, 96, 11, 0, 56
fc:5a:18:28:15:53, 2018-04-16 21:59, 96, 26, 0, 255
fc:5a:18:28:15:53, 2018-04-16 22:00, 96, 8, 0, 255
fc:5a:18:28:15:53, 2018-04-16 22:01, 80, 13, 0, 255
fc:5a:18:28:15:53, 2018-04-16 22:02, 80, 41, 10, 255
fc:5a:18:28:15:53, 2018-04-16 22:03, 80, 39, 0, 99
fc:5a:18:28:15:53, 2018-04-16 22:04, 96, 56, 0, 255
fc:5a:18:28:15:53, 2018-04-16 22:05, 96, 35, 0, 255
fc:5a:18:28:15:53, 2018-04-16 22:06, 80, 31, 0, 255
fc:5a:18:28:15:53, 2018-04-16 22:07, 80, 13, 0, 255
fc:5a:18:28:15:53, 2018-04-16 22:08, 80, 29, 0, 72
fc:5a:18:28:15:53, 2018-04-16 22:09, 80, 31, 0, 255
fc:5a:18:28:15:53, 2018-04-16 22:10, 80, 9, 0, 255
fc:5a:18:28:15:53, 2018-04-16 22:11, 80, 10, 0, 255
fc:5a:18:28:15:53, 2018-04-16 22:12, 80, 35, 0, 255
fc:5a:18:28:15:53, 2018-04-16 22:13, 80, 33, 0, 67
fc:5a:18:28:15:53, 2018-04-16 22:14, 80, 50, 0, 255
fc:5a:18:28:15:53, 2018-04-16 22:15, 80, 52, 0, 255
fc:5a:18:28:15:53, 2018-04-16 22:16, 96, 11, 0, 255
fc:5a:18:28:15:53, 2018-04-16 22:17, 96, 26, 0, 255
fc:5a:18:28:15:53, 2018-04-16 22:18, 80, 26, 0, 72
fc:5a:18:28:15:53, 2018-04-16 22:19, 90, 20, 0, 255
fc:5a:18:28:15:53, 2018-04-16 22:20, 80, 33, 0, 255
fc:5a:18:28:15:53, 2018-04-16 22:21, 80, 36, 0, 255
fc:5a:18:28:15:53, 2018-04-16 22:22, 80, 22, 0, 255
fc:5a:18:28:15:53, 2018-04-16 22:23, 80, 21, 0, 78
fc:5a:18:28:15:53, 2018-04-16 22:24, 80, 23, 0, 255
fc:5a:18:28:15:53, 2018-04-16 22:25, 80, 25, 0, 255
fc:5a:18:28:15:53, 2018-04-16 22:26, 80, 23, 0, 255
fc:5a:18:28:15:53, 2018-04-16 22:27, 80, 4, 0, 255
fc:5a:18:28:15:53, 2018-04-16 22:28, 80, 17, 0, 75
fc:5a:18:28:15:53, 2018-04-16 22:29, 80, 14, 0, 255
fc:5a:18:28:15:53, 2018-04-16 22:30, 80, 30, 0, 255
fc:5a:18:28:15:53, 2018-04-16 22:31, 80, 13, 0, 255
fc:5a:18:28:15:53, 2018-04-16 22:32, 80, 14, 0, 255
fc:5a:18:28:15:53, 2018-04-16 22:33, 80, 6, 0, 72
fc:5a:18:28:15:53, 2018-04-16 22:34, 90, 20, 0, 255
fc:5a:18:28:15:53, 2018-04-16 22:35, 80, 13, 0, 255
fc:5a:18:28:15:53, 2018-04-16 22:36, 80, 39, 0, 255
fc:5a:18:28:15:53, 2018-04-16 22:37, 90, 20, 0, 255
fc:5a:18:28:15:53, 2018-04-16 22:38, 90, 20, 0, 71
fc:5a:18:28:15:53, 2018-04-16 22:39, 80, 2, 0, 255
fc:5a:18:28:15:53, 2018-04-16 22:40, 80, 0, 0, 255
fc:5a:18:28:15:53, 2018-04-16 22:41, 90, 20, 0, 255
fc:5a:18:28:15:53, 2018-04-16 22:42, 90, 20, 0, 255
fc:5a:18:28:15:53, 2018-04-16 22:43, 90, 20, 0, 69
fc:5a:18:28:15:53, 2018-04-16 22:44, 90, 20, 0, 255
fc:5a:18:28:15:53, 2018-04-16 22:45, 90, 20, 0, 255
fc:5a:18:28:15:53, 2018-04-16 22:46, 90, 20, 0, 255
fc:5a:18:28:15:53, 2018-04-16 22:47, 90, 20, 0, 255
fc:5a:18:28:15:53, 2018-04-16 22:48, 90, 20, 0, 67
fc:5a:18:28:15:53, 2018-04-16 22:49, 122, 20, 0, 255
fc:5a:18:28:15:53, 2018-04-16 22:50, 122, 20, 0, 255
fc:5a:18:28:15:53, 2018-04-16 22:51, 112, 33, 0, 255
fc:5a:18:28:15:53, 2018-04-16 22:52, 1, 70, 35, 255
fc:5a:18:28:15:53, 2018-04-16 22:53, 96, 59, 0, 64
fc:5a:18:28:15:53, 2018-04-16 22:54, 96, 59, 0, 255
fc:5a:18:28:15:53, 2018-04-16 22:55, 80, 47, 0, 255
fc:5a:18:28:15:53, 2018-04-16 22:56, 80, 37, 0, 255
fc:5a:18:28:15:53, 2018-04-16 22:57, 1, 58, 37, 255
fc:5a:18:28:15:53, 2018-04-16 22:58, 1, 72, 35, 83
fc:5a:18:28:15:53, 2018-04-16 22:59, 1, 69, 21, 255
fc:5a:18:28:15:53, 2018-04-16 23:00, 96, 52, 0, 255
fc:5a:18:28:15:53, 2018-04-16 23:01, 80, 4, 0, 255
fc:5a:18:28:15:53, 2018-04-16 23:02, 80, 36, 0, 255
fc:5a:18:28:15:53, 2018-04-16 23:03, 1, 59, 30, 92
fc:5a:18:28:15:53, 2018-04-16 23:04, 80, 46, 0, 255
fc:5a:18:28:15:53, 2018-04-16 23:05, 80, 25, 0, 255
fc:5a:18:28:15:53, 2018-04-16 23:06, 80, 17, 0, 255
fc:5a:18:28:15:53, 2018-04-16 23:07, 90, 20, 0, 255
fc:5a:18:28:15:53, 2018-04-16 23:08, 80, 2, 0, 65
fc:5a:18:28:15:53, 2018-04-16 23:09, 80, 19, 0, 255
fc:5a:18:28:15:53, 2018-04-16 23:10, 80, 14, 0, 255
fc:5a:18:28:15:53, 2018-04-16 23:11, 90, 20, 0, 255
fc:5a:18:28:15:53, 2018-04-16 23:12, 80, 6, 0, 255
fc:5a:18:28:15:53, 2018-04-16 23:13, 80, 2, 0, 64
fc:5a:18:28:15:53, 2018-04-16 23:14, 80, 11, 0, 255
fc:5a:18:28:15:53, 2018-04-16 23:15, 80, 50, 0, 255
fc:5a:18:28:15:53, 2018-04-16 23:16, 80, 68, 0, 255
fc:5a:18:28:15:53, 2018-04-16 23:17, 80, 36, 0, 255
fc:5a:18:28:15:53, 2018-04-16 23:18, 80, 25, 0, 73
fc:5a:18:28:15:53, 2018-04-16 23:19, 80, 19, 0, 255
fc:5a:18:28:15:53, 2018-04-16 23:20, 80, 21, 0, 255
fc:5a:18:28:15:53, 2018-04-16 23:21, 80, 8, 0, 255
fc:5a:18:28:15:53, 2018-04-16 23:22, 90, 20, 0, 255
fc:5a:18:28:15:53, 2018-04-16 23:23, 80, 3, 0, 71
fc:5a:18:28:15:53, 2018-04-16 23:24, 90, 20, 0, 255
fc:5a:18:28:15:53, 2018-04-16 23:25, 80, 23, 0, 255
fc:5a:18:28:15:53, 2018-04-16 23:26, 90, 20, 0, 255
fc:5a:18:28:15:53, 2018-04-16 23:27, 80, 57, 0, 255
fc:5a:18:28:15:53, 2018-04-16 23:28, 80, 14, 0, 90
fc:5a:18:28:15:53, 2018-04-16 23:29, 80, 20, 0, 255
fc:5a:18:28:15:53, 2018-04-16 23:30, 80, 5, 0, 255
fc:5a:18:28:15:53, 2018-04-16 23:31, 90, 20, 0, 255
fc:5a:18:28:15:53, 2018-04-16 23:32, 80, 11, 0, 255
fc:5a:18:28:15:53, 2018-04-16 23:33, 90, 20, 0, 67
fc:5a:18:28:15:53, 2018-04-16 23:34, 90, 20, 0, 255
fc:5a:18:28:15:53, 2018-04-16 23:35, 80, 20, 0, 255
fc:5a:18:28:15:53, 2018-04-16 23:36, 80, 14, 0, 255
fc:5a:18:28:15:53, 2018-04-16 23:37, 90, 20, 0, 255
fc:5a:18:28:15:53, 2018-04-16 23:38, 80, 15, 0, 61
fc:5a:18:28:15:53, 2018-04-16 23:39, 80, 19, 0, 255
fc:5a:18:28:15:53, 2018-04-16 23:40, 80, 25, 0, 255
fc:5a:18:28:15:53, 2018-04-16 23:41, 80, 45, 0, 255
fc:5a:18:28:15:53, 2018-04-16 23:42, 80, 37, 0, 255
fc:5a:18:28:15:53, 2018-04-16 23:43, 80, 47, 0, 69
fc:5a:18:28:15:53, 2018-04-16 23:44, 80, 40, 0, 255
fc:5a:18:28:15:53, 2018-04-16 23:45, 80, 60, 0, 255
fc:5a:18:28:15:53, 2018-04-16 23:46, 80, 49, 0, 255
fc:5a:18:28:15:53, 2018-04-16 23:47, 96, 67, 10, 255
fc:5a:18:28:15:53, 2018-04-16 23:48, 96, 43, 0, 50
fc:5a:18:28:15:53, 2018-04-16 23:49, 80, 40, 0, 255
fc:5a:18:28:15:53, 2018-04-16 23:50, 80, 47, 0, 255
fc:5a:18:28:15:53, 2018-04-16 23:51, 80, 45, 0, 255
fc:5a:18:28:15:53, 2018-04-16 23:52, 80, 45, 0, 255
fc:5a:18:28:15:53, 2018-04-16 23:53, 80, 43, 0, 72
fc:5a:18:28:15:53, 2018-04-16 23:54, 80, 35, 0, 255
fc:5a:18:28:15:53, 2018-04-16 23:55, 96, 58, 0, 255
fc:5a:18:28:15:53, 2018-04-16 23:56, 96, 54, 0, 255
fc:5a:18:28:15:53, 2018-04-16 23:57, 96, 48, 0, 255
fc:5a:18:28:15:53, 2018-04-16 23:58, 96, 59, 0, 84
fc:5a:18:28:15:53, 2018-04-16 23:59, 96, 70, 0, 255
fc:5a:18:28:15:53, 2018-04-17 00:00, 96, 55, 0, 255
fc:5a:18:28:15:53, 2018-04-17 00:01, 16, 45, 0, 255
fc:5a:18:28:15:53, 2018-04-17 00:02, 80, 27, 0, 255
fc:5a:18:28:15:53, 2018-04-17 00:03, 80, 48, 0, 72
fc:5a:18:28:15:53, 2018-04-17 00:04, 80, 59, 0, 255
fc:5a:18:28:15:53, 2018-04-17 00:05, 80, 74, 0, 255
fc:5a:18:28:15:53, 2018-04-17 00:06, 80, 64, 0, 255
fc:5a:18:28:15:53, 2018-04-17 00:07, 80, 46, 0, 255
fc:5a:18:28:15:53, 2018-04-17 00:08, 80, 52, 0, 72
fc:5a:18:28:15:53, 2018-04-17 00:09, 80, 22, 0, 255
fc:5a:18:28:15:53, 2018-04-17 00:10, 80, 10, 0, 255
fc:5a:18:28:15:53, 2018-04-17 00:11, 80, 26, 0, 255
fc:5a:18:28:15:53, 2018-04-17 00:12, 80, 3, 0, 255
fc:5a:18:28:15:53, 2018-04-17 00:13, 80, 0, 0, 60
fc:5a:18:28:15:53, 2018-04-17 00:14, 80, 10, 0, 255
fc:5a:18:28:15:53, 2018-04-17 00:15, 80, 26, 0, 255
fc:5a:18:28:15:53, 2018-04-17 00:16, 90, 20, 0, 255
fc:5a:18:28:15:53, 2018-04-17 00:17, 80, 0, 0, 255
fc:5a:18:28:15:53, 2018-04-17 00:18, 80, 0, 0, 74
fc:5a:18:28:15:53, 2018-04-17 00:19, 80, 0, 0, 255
fc:5a:18:28:15:53, 2018-04-17 00:20, 80, 0, 0, 255
fc:5a:18:28:15:53, 2018-04-17 00:21, 80, 0, 0, 255
fc:5a:18:28:15:53, 2018-04-17 00:22, 80, 0, 0, 255
fc:5a:18:28:15:53, 2018-04-17 00:23, 80, 0, 0, 75
fc:5a:18:28:15:53, 2018-04-17 00:24, 112, 0, 0, 255
fc:5a:18:28:15:53, 2018-04-17 00:25, 112, 0, 0, 255
fc:5a:18:28:15:53, 2018-04-17 00:26, 112, 18, 0, 255
fc:5a:18:28:15:53, 2018-04-17 00:27, 123, 0, 0, 255
fc:5a:18:28:15:53, 2018-04-17 00:28, 112, 0, 0, 66
fc:5a:18:28:15:53, 2018-04-17 00:29, 112, 0, 0, 255
fc:5a:18:28:15:53, 2018-04-17 00:30, 112, 0, 0, 63
fc:5a:18:28:15:53, 2018-04-17 00:31, 112, 0, 0, 255
fc:5a:18:28:15:53, 2018-04-17 00:32, 112, 0, 0, 64
fc:5a:18:28:15:53, 2018-04-17 00:33, 112, 0, 0, 255
fc:5a:18:28:15:53, 2018-04-17 00:34, 112, 0, 0, 65
fc:5a:18:28:15:53, 2018-04-17 00:35, 112, 0, 0, 255
fc:5a:18:28:15:53, 2018-04-17 00:36, 112, 0, 0, 63
fc:5a:18:28:15:53, 2018-04-17 00:37, 112, 0, 0, 255
fc:5a:18:28:15:53, 2018-04-17 00:38, 112, 0, 0, 63
fc:5a:18:28:15:53, 2018-04-17 00:39, 112, 17, 0, 255
fc:5a:18:28:15:53, 2018-04-17 00:40, 121, 8, 0, 57
fc:5a:18:28:15:53, 2018-04-17 00:41, 112, 0, 0, 255
fc:5a:18:28:15:53, 2018-04-17 00:42, 112, 0, 0, 55
fc:5a:18:28:15:53, 2018-04-17 00:43, 112, 0, 0, 255
fc:5a:18:28:15:53, 2018-04-17 00:44, 112, 0, 0, 59
fc:5a:18:28:15:53, 2018-04-17 00:45, 112, 0, 0, 255
fc:5a:18:28:15:53, 2018-04-17 00:46, 112, 0, 0, 65
fc:5a:18:28:15:53, 2018-04-17 00:47, 112, 0, 0, 255
fc:5a:18:28:15:53, 2018-04-17 00:48, 112, 0, 0, 63
fc:5a:18:28:15:53, 2018-04-17 00:49, 112, 0, 0, 255
fc:5a:18:28:15:53, 2018-04-17 00:50, 112, 0, 0, 63
fc:5a:18:28:15:53, 2018-04-17 00:51, 112, 0, 0, 255
fc:5a:18:28:15:53, 2018-04-17 00:52, 112, 0, 0, 64
fc:5a:18:28:15:53, 2018-04-17 00:53, 112, 0, 0, 255
fc:5a:18:28:15:53, 2018-04-17 00:54, 112, 0, 0, 61
fc:5a:18:28:15:53, 2018-04-17 00:55, 112, 0, 0, 255
fc:5a:18:28:15:53, 2018-04-17 00:56, 121, 36, 0, 64
fc:5a:18:28:15:53, 2018-04-17 00:57, 112, 0, 0, 255
fc:5a:18:28:15:53, 2018-04-17 00:58, 112, 8, 0, 62
fc:5a:18:28:15:53, 2018-04-17 00:59, 112, 0, 0, 255
fc:5a:18:28:15:53, 2018-04-17 01:00, 112, 0, 0, 56
fc:5a:18:28:15:53, 2018-04-17 01:01, 112, 0, 0, 255
fc:5a:18:28:15:53, 2018-04-17 01:02, 112, 0, 0, 54
fc:5a:18:28:15:53, 2018-04-17 01:03, 112, 0, 0, 255
fc:5a:18:28:15:53, 2018-04-17 01:04, 112, 0, 0, 60
fc:5a:18:28:15:53, 2018-04-17 01:05, 112, 0, 0, 255
fc:5a:18:28:15:53, 2018-04-17 01:06, 112, 0, 0, 60
fc:5a:18:28:15:53, 2018-04-17 01:07, 112, 0, 0, 255
fc:5a:18:28:15:53, 2018-04-17 01:08, 112, 2, 0, 58
fc:5a:18:28:15:53, 2018-04-17 01:09, 112, 0, 0, 255
fc:5a:18:28:15:53, 2018-04-17 01:10, 112, 0, 0, 56
fc:5a:18:28:15:53, 2018-04-17 01:11, 112, 0, 0, 255
fc:5a:18:28:15:53, 2018-04-17 01:12, 112, 0, 0, 56
fc:5a:18:28:15:53, 2018-04-17 01:13, 112, 0, 0, 255
fc:5a:18:28:15:53, 2018-04-17 01:14, 112, 40, 0, 56
fc:5a:18:28:15:53, 2018-04-17 01:15, 112, 0, 0, 255
fc:5a:18:28:15:53, 2018-04-17 01:16, 112, 0, 0, 51
fc:5a:18:28:15:53, 2018-04-17 01:17, 112, 0, 0, 255
fc:5a:18:28:15:53, 2018-04-17 01:18, 112, 0, 0, 57
fc:5a:18:28:15:53, 2018-04-17 01:19, 112, 0, 0, 255
fc:5a:18:28:15:53, 2018-04-17 01:20, 112, 0, 0, 57
fc:5a:18:28:15:53, 2018-04-17 01:21, 112, 5, 0, 255
fc:5a:18:28:15:53, 2018-04-17 01:22, 112, 6, 0, 85
fc:5a:18:28:15:53, 2018-04-17 01:23, 112, 0, 0, 255
fc:5a:18:28:15:53, 2018-04-17 01:24, 112, 0, 0, 58
fc:5a:18:28:15:53, 2018-04-17 01:25, 112, 31, 0, 255
fc:5a:18:28:15:53, 2018-04-17 01:26, 112, 0, 0, 54
fc:5a:18:28:15:53, 2018-04-17 01:27, 112, 26, 0, 255
fc:5a:18:28:15:53, 2018-04-17 01:28, 122, 20, 0, 50
fc:5a:18:28:15:53, 2018-04-17 01:29, 112, 0, 0, 255
fc:5a:18:28:15:53, 2018-04-17 01:30, 112, 0, 0, 54
fc:5a:18:28:15:53, 2018-04-17 01:31, 112, 0, 0, 255
fc:5a:18:28:15:53, 2018-04-17 01:32, 112, 29, 0, 51
fc:5a:18:28:15:53, 2018-04-17 01:33, 122, 20, 0, 255
fc:5a:18:28:15:53, 2018-04-17 01:34, 122, 20, 0, 49
fc:5a:18:28:15:53, 2018-04-17 01:35, 112, 0, 0, 255
fc:5a:18:28:15:53, 2018-04-17 01:36, 112, 0, 0, 50
fc:5a:18:28:15:53, 2018-04-17 01:37, 112, 0, 0, 255
fc:5a:18:28:15:53, 2018-04-17 01:38, 112, 24, 0, 57
fc:5a:18:28:15:53, 2018-04-17 01:39, 112, 0, 0, 255
fc:5a:18:28:15:53, 2018-04-17 01:40, 112, 0, 0, 54
fc:5a:18:28:15:53, 2018-04-17 01:41, 112, 0, 0, 255
fc:5a:18:28:15:53, 2018-04-17 01:42, 112, 0, 0, 58
fc:5a:18:28:15:53, 2018-04-17 01:43, 112, 0, 0, 255
fc:5a:18:28:15:53, 2018-04-17 01:44, 112, 0, 0, 63
fc:5a:18:28:15:53, 2018-04-17 01:45, 112, 0, 0, 255
fc:5a:18:28:15:53, 2018-04-17 01:46, 112, 0, 0, 63
fc:5a:18:28:15:53, 2018-04-17 01:47, 122, 20, 0, 255
fc:5a:18:28:15:53, 2018-04-17 01:48, 122, 20, 0, 56
fc:5a:18:28:15:53, 2018-04-17 01:49, 112, 4, 0, 255
fc:5a:18:28:15:53, 2018-04-17 01:50, 112, 0, 0, 54
fc:5a:18:28:15:53, 2018-04-17 01:51, 112, 0, 0, 255
fc:5a:18:28:15:53, 2018-04-17 01:52, 112, 0, 0, 57
fc:5a:18:28:15:53, 2018-04-17 01:53, 112, 0, 0, 255
fc:5a:18:28:15:53, 2018-04-17 01:54, 112, 0, 0, 65
fc:5a:18:28:15:53, 2018-04-17 01:55, 112, 0, 0, 255
fc:5a:18:28:15:53, 2018-04-17 01:56, 112, 0, 0, 59
fc:5a:18:28:15:53, 2018-04-17 01:57, 112, 0, 0, 255
fc:5a:18:28:15:53, 2018-04-17 01:58, 112, 0, 0, 62
fc:5a:18:28:15:53, 2018-04-17 01:59, 112, 0, 0, 255
fc:5a:18:28:15:53, 2018-04-17 02:00, 112, 0, 0, 56
fc:5a:18:28:15:53, 2018-04-17 02:01, 112, 0, 0, 255
fc:5a:18:28:15:53, 2018-04-17 02:02, 112, 0, 0, 61
fc:5a:18:28:15:53, 2018-04-17 02:03, 112, 0, 0, 255
fc:5a:18:28:15:53, 2018-04-17 02:04, 112, 0, 0, 62
fc:5a:18:28:15:53, 2018-04-17 02:05, 112, 0, 0, 255
fc:5a:18:28:15:53, 2018-04-17 02:06, 112, 0, 0, 56
fc:5a:18:28:15:53, 2018-04-17 02:07, 112, 0, 0, 255
fc:5a:18:28:15:53, 2018-04-17 02:08, 112, 0, 0, 64
fc:5a:18:28:15:53, 2018-04-17 02:09, 112, 0, 0, 255
fc:5a:18:28:15:53, 2018-04-17 02:10, 112, 0, 0, 53
fc:5a:18:28:15:53, 2018-04-17 02:11, 112, 0, 0, 255
fc:5a:18:28:15:53, 2018-04-17 02:12, 112, 0, 0, 50
fc:5a:18:28:15:53, 2018-04-17 02:13, 112, 0, 0, 255
fc:5a:18:28:15:53, 2018-04-17 02:14, 112, 0, 0, 61
fc:5a:18:28:15:53, 2018-04-17 02:15, 112, 0, 0, 255
fc:5a:18:28:15:53, 2018-04-17 02:16, 112, 0, 0, 52
fc:5a:18:28:15:53, 2018-04-17 02:17, 112, 0, 0, 255
fc:5a:18:28:15:53, 2018-04-17 02:18, 112, 0, 0, 49
fc:5a:18:28:15:53, 2018-04-17 02:19, 112, 0, 0, 255
fc:5a:18:28:15:53, 2018-04-17 02:20, 112, 0, 0, 51
fc:5a:18:28:15:53, 2018-04-17 02:21, 112, 0, 0, 255
fc:5a:18:28:15:53, 2018-04-17 02:22, 112, 0, 0, 54
fc:5a:18:28:15:53, 2018-04-17 02:23, 112, 0, 0, 255
fc:5a:18:28:15:53, 2018-04-17 02:24, 112, 0, 0, 55
fc:5a:18:28:15:53, 2018-04-17 02:25, 112, 0, 0, 255
fc:5a:18:28:15:53, 2018-04-17 02:26, 112, 0, 0, 54
fc:5a:18:28:15:53, 2018-04-17 02:27, 112, 0, 0, 255
fc:5a:18:28:15:53, 2018-04-17 02:28, 112, 0, 0, 53
fc:5a:18:28:15:53, 2018-04-17 02:29, 112, 0, 0, 255
fc:5a:18:28:15:53, 2018-04-17 02:30, 112, 30, 0, 49
fc:5a:18:28:15:53, 2018-04-17 02:31, 112, 0, 0, 255
fc:5a:18:28:15:53, 2018-04-17 02:32, 112, 0, 0, 53
fc:5a:18:28:15:53, 2018-04-17 02:33, 112, 0, 0, 255
fc:5a:18:28:15:53, 2018-04-17 02:34, 112, 0, 0, 48
fc:5a:18:28:15:53, 2018-04-17 02:35, 112, 4, 0, 255
fc:5a:18:28:15:53, 2018-04-17 02:36, 112, 0, 0, 52
fc:5a:18:28:15:53, 2018-04-17 02:37, 112, 0, 0, 255
fc:5a:18:28:15:53, 2018-04-17 02:38, 112, 0, 0, 49
fc:5a:18:28:15:53, 2018-04-17 02:39, 122, 20, 0, 255
fc:5a:18:28:15:53, 2018-04-17 02:40, 122, 20, 0, 45
fc:5a:18:28:15:53, 2018-04-17 02:41, 112, 0, 0, 255
fc:5a:18:28:15:53, 2018-04-17 02:42, 112, 0, 0, 45
fc:5a:18:28:15:53, 2018-04-17 02:43, 112, 0, 0, 255
fc:5a:18:28:15:53, 2018-04-17 02:44, 112, 0, 0, 45
fc:5a:18:28:15:53, 2018-04-17 02:45, 112, 0, 0, 255
fc:5a:18:28:15:53, 2018-04-17 02:46, 112, 0, 0, 47
fc:5a:18:28:15:53, 2018-04-17 02:47, 112, 3, 0, 255
fc:5a:18:28:15:53, 2018-04-17 02:48, 112, 0, 0, 42
fc:5a:18:28:15:53, 2018-04-17 02:49, 112, 0, 0, 255
fc:5a:18:28:15:53, 2018-04-17 02:50, 122, 20, 0, 51
fc:5a:18:28:15:53, 2018-04-17 02:51, 122, 20, 0, 255
fc:5a:18:28:15:53, 2018-04-17 02:52, 112, 0, 0, 47
fc:5a:18:28:15:53, 2018-04-17 02:53, 112, 0, 0, 255
fc:5a:18:28:15:53, 2018-04-17 02:54, 112, 2, 0, 45
fc:5a:18:28:15:53, 2018-04-17 02:55, 112, 0, 0, 255
fc:5a:18:28:15:53, 2018-04-17 02:56, 112, 0, 0, 47
fc:5a:18:28:15:53, 2018-04-17 02:57, 112, 0, 0, 255
fc:5a:18:28:15:53, 2018-04-17 02:58, 112, 0, 0, 51
fc:5a:18:28:15:53, 2018-04-17 02:59, 112, 0, 0, 255
fc:5a:18:28:15:53, 2018-04-17 03:00, 112, 0, 0, 49
fc:5a:18:28:15:53, 2018-04-17 03:01, 112, 0, 0, 255
fc:5a:18:28:15:53, 2018-04-17 03:02, 112, 0, 0, 45
fc:5a:18:28:15:53, 2018-04-17 03:03, 112, 0, 0, 255
fc:5a:18:28:15:53, 2018-04-17 03:04, 112, 23, 0, 47
fc:5a:18:28:15:53, 2018-04-17 03:05, 112, 0, 0, 255
fc:5a:18:28:15:53, 2018-04-17 03:06, 112, 0, 0, 50
fc:5a:18:28:15:53, 2018-04-17 03:07, 112, 0, 0, 255
fc:5a:18:28:15:53, 2018-04-17 03:08, 112, 22, 0, 51
fc:5a:18:28:15:53, 2018-04-17 03:09, 89, 17, 0, 255
fc:5a:18:28:15:53, 2018-04-17 03:10, 80, 12, 0, 48
fc:5a:18:28:15:53, 2018-04-17 03:11, 80, 0, 0, 255
fc:5a:18:28:15:53, 2018-04-17 03:12, 80, 10, 0, 53
fc:5a:18:28:15:53, 2018-04-17 03:13, 80, 0, 0, 255
fc:5a:18:28:15:53, 2018-04-17 03:14, 80, 16, 0, 56
fc:5a:18:28:15:53, 2018-04-17 03:15, 80, 0, 0, 255
fc:5a:18:28:15:53, 2018-04-17 03:16, 90, 20, 0, 66
fc:5a:18:28:15:53, 2018-04-17 03:17, 90, 20, 0, 255
fc:5a:18:28:15:53, 2018-04-17 03:18, 112, 0, 0, 61
fc:5a:18:28:15:53, 2018-04-17 03:19, 112, 0, 0, 255
fc:5a:18:28:15:53, 2018-04-17 03:20, 112, 0, 0, 55
fc:5a:18:28:15:53, 2018-04-17 03:21, 112, 0, 0, 255
fc:5a:18:28:15:53, 2018-04-17 03:22, 122, 20, 0, 60
fc:5a:18:28:15:53, 2018-04-17 03:23, 112, 0, 0, 255
fc:5a:18:28:15:53, 2018-04-17 03:24, 112, 0, 0, 67
fc:5a:18:28:15:53, 2018-04-17 03:25, 112, 0, 0, 255
fc:5a:18:28:15:53, 2018-04-17 03:26, 112, 0, 0, 61
fc:5a:18:28:15:53, 2018-04-17 03:27, 112, 0, 0, 255
fc:5a:18:28:15:53, 2018-04-17 03:28, 112, 0, 0, 52
fc:5a:18:28:15:53, 2018-04-17 03:29, 112, 0, 0, 255
fc:5a:18:28:15:53, 2018-04-17 03:30, 112, 11, 0, 61
fc:5a:18:28:15:53, 2018-04-17 03:31, 112, 0, 0, 255
fc:5a:18:28:15:53, 2018-04-17 03:32, 112, 0, 0, 63
fc:5a:18:28:15:53, 2018-04-17 03:33, 112, 0, 0, 255
fc:5a:18:28:15:53, 2018-04-17 03:34, 112, 0, 0, 53
fc:5a:18:28:15:53, 2018-04-17 03:35, 112, 0, 0, 255
fc:5a:18:28:15:53, 2018-04-17 03:36, 112, 0, 0, 55
fc:5a:18:28:15:53, 2018-04-17 03:37, 112, 0, 0, 255
fc:5a:18:28:15:53, 2018-04-17 03:38, 112, 0, 0, 57
fc:5a:18:28:15:53, 2018-04-17 03:39, 112, 0, 0, 255
fc:5a:18:28:15:53, 2018-04-17 03:40, 122, 20, 0, 53
fc:5a:18:28:15:53, 2018-04-17 03:41, 112, 7, 0, 255
fc:5a:18:28:15:53, 2018-04-17 03:42, 122, 20, 0, 52
fc:5a:18:28:15:53, 2018-04-17 03:43, 112, 0, 0, 255
fc:5a:18:28:15:53, 2018-04-17 03:44, 112, 11, 0, 57
fc:5a:18:28:15:53, 2018-04-17 03:45, 112, 0, 0, 255
fc:5a:18:28:15:53, 2018-04-17 03:46, 112, 0, 0, 51
fc:5a:18:28:15:53, 2018-04-17 03:47, 112, 0, 0, 255
fc:5a:18:28:15:53, 2018-04-17 03:48, 112, 24, 0, 45
fc:5a:18:28:15:53, 2018-04-17 03:49, 121, 22, 0, 255
fc:5a:18:28:15:53, 2018-04-17 03:50, 112, 0, 0, 42
fc:5a:18:28:15:53, 2018-04-17 03:51, 112, 0, 0, 255
fc:5a:18:28:15:53, 2018-04-17 03:52, 122, 20, 0, 61
fc:5a:18:28:15:53, 2018-04-17 03:53, 122, 20, 0, 255
fc:5a:18:28:15:53, 2018-04-17 03:54, 112, 0, 0, 48
fc:5a:18:28:15:53, 2018-04-17 03:55, 112, 0, 0, 255
fc:5a:18:28:15:53, 2018-04-17 03:56, 112, 0, 0, 47
fc:5a:18:28:15:53, 2018-04-17 03:57, 122, 20, 0, 255
fc:5a:18:28:15:53, 2018-04-17 03:58, 122, 20, 0, 49
fc:5a:18:28:15:53, 2018-04-17 03:59, 112, 0, 0, 255
fc:5a:18:28:15:53, 2018-04-17 04:00, 112, 0, 0, 50
fc:5a:18:28:15:53, 2018-04-17 04:01, 112, 0, 0, 255
fc:5a:18:28:15:53, 2018-04-17 04:02, 112, 0, 0, 49
fc:5a:18:28:15:53, 2018-04-17 04:03, 112, 2, 0, 255
fc:5a:18:28:15:53, 2018-04-17 04:04, 122, 20, 0, 44
fc:5a:18:28:15:53, 2018-04-17 04:05, 122, 20, 0, 255
fc:5a:18:28:15:53, 2018-04-17 04:06, 112, 0, 0, 49
fc:5a:18:28:15:53, 2018-04-17 04:07, 112, 0, 0, 255
fc:5a:18:28:15:53, 2018-04-17 04:08, 112, 0, 0, 48
fc:5a:18:28:15:53, 2018-04-17 04:09, 112, 0, 0, 255
fc:5a:18:28:15:53, 2018-04-17 04:10, 112, 0, 0, 46
fc:5a:18:28:15:53, 2018-04-17 04:11, 112, 0, 0, 255
fc:5a:18:28:15:53, 2018-04-17 04:12, 112, 1, 0, 47
fc:5a:18:28:15:53, 2018-04-17 04:13, 112, 0, 0, 255
fc:5a:18:28:15:53, 2018-04-17 04:14, 112, 0, 0, 44
fc:5a:18:28:15:53, 2018-04-17 04:15, 112, 0, 0, 255
fc:5a:18:28:15:53, 2018-04-17 04:16, 112, 0, 0, 47
fc:5a:18:28:15:53, 2018-04-17 04:17, 112, 0, 0, 255
fc:5a:18:28:15:53, 2018-04-17 04:18, 112, 0, 0, 45
fc:5a:18:28:15:53, 2018-04-17 04:19, 112, 0, 0, 255
fc:5a:18:28:15:53, 2018-04-17 04:20, 112, 6, 0, 58
fc:5a:18:28:15:53, 2018-04-17 04:21, 112, 0, 0, 255
fc:5a:18:28:15:53, 2018-04-17 04:22, 112, 0, 0, 46
fc:5a:18:28:15:53, 2018-04-17 04:23, 112, 0, 0, 255
fc:5a:18:28:15:53, 2018-04-17 04:24, 122, 20, 0, 46
fc:5a:18:28:15:53, 2018-04-17 04:25, 122, 20, 0, 255
fc:5a:18:28:15:53, 2018-04-17 04:26, 112, 0, 0, 46
fc:5a:18:28:15:53, 2018-04-17 04:27, 112, 0, 0, 255
fc:5a:18:28:15:53, 2018-04-17 04:28, 112, 0, 0, 46
fc:5a:18:28:15:53, 2018-04-17 04:29, 112, 0, 0, 255
fc:5a:18:28:15:53, 2018-04-17 04:30, 112, 0, 0, 48
fc:5a:18:28:15:53, 2018-04-17 04:31, 112, 0, 0, 255
fc:5a:18:28:15:53, 2018-04-17 04:32, 112, 29, 0, 66
fc:5a:18:28:15:53, 2018-04-17 04:33, 122, 20, 0, 255
fc:5a:18:28:15:53, 2018-04-17 04:34, 112, 46, 0, 55
fc:5a:18:28:15:53, 2018-04-17 04:35, 112, 29, 0, 255
fc:5a:18:28:15:53, 2018-04-17 04:36, 112, 43, 0, 55
fc:5a:18:28:15:53, 2018-04-17 04:37, 112, 23, 0, 255
fc:5a:18:28:15:53, 2018-04-17 04:38, 112, 0, 0, 57
fc:5a:18:28:15:53, 2018-04-17 04:39, 112, 0, 0, 255
fc:5a:18:28:15:53, 2018-04-17 04:40, 112, 0, 0, 51
fc:5a:18:28:15:53, 2018-04-17 04:41, 112, 0, 0, 255
fc:5a:18:28:15:53, 2018-04-17 04:42, 112, 0, 0, 44
fc:5a:18:28:15:53, 2018-04-17 04:43, 112, 0, 0, 255
fc:5a:18:28:15:53, 2018-04-17 04:44, 112, 0, 0, 49
fc:5a:18:28:15:53, 2018-04-17 04:45, 112, 0, 0, 255
fc:5a:18:28:15:53, 2018-04-17 04:46, 112, 0, 0, 44
fc:5a:18:28:15:53, 2018-04-17 04:47, 112, 0, 0, 255
fc:5a:18:28:15:53, 2018-04-17 04:48, 112, 0, 0, 51
fc:5a:18:28:15:53, 2018-04-17 04:49, 112, 0, 0, 255
fc:5a:18:28:15:53, 2018-04-17 04:50, 112, 0, 0, 49
fc:5a:18:28:15:53, 2018-04-17 04:51, 112, 0, 0, 255
fc:5a:18:28:15:53, 2018-04-17 04:52, 112, 0, 0, 47
fc:5a:18:28:15:53, 2018-04-17 04:53, 112, 0, 0, 255
fc:5a:18:28:15:53, 2018-04-17 04:54, 112, 0, 0, 51
fc:5a:18:28:15:53, 2018-04-17 04:55, 112, 0, 0, 255
fc:5a:18:28:15:53, 2018-04-17 04:56, 112, 0, 0, 52
fc:5a:18:28:15:53, 2018-04-17 04:57, 112, 0, 0, 255
fc:5a:18:28:15:53, 2018-04-17 04:58, 112, 0, 0, 50
fc:5a:18:28:15:53, 2018-04-17 04:59, 112, 0, 0, 255
fc:5a:18:28:15:53, 2018-04-17 05:00, 112, 0, 0, 50
fc:5a:18:28:15:53, 2018-04-17 05:01, 112, 0, 0, 255
fc:5a:18:28:15:53, 2018-04-17 05:02, 112, 0, 0, 49
fc:5a:18:28:15:53, 2018-04-17 05:03, 112, 0, 0, 255
fc:5a:18:28:15:53, 2018-04-17 05:04, 112, 0, 0, 47
fc:5a:18:28:15:53, 2018-04-17 05:05, 112, 0, 0, 255
fc:5a:18:28:15:53, 2018-04-17 05:06, 112, 0, 0, 45
fc:5a:18:28:15:53, 2018-04-17 05:07, 112, 0, 0, 255
fc:5a:18:28:15:53, 2018-04-17 05:08, 112, 0, 0, 49
fc:5a:18:28:15:53, 2018-04-17 05:09, 112, 0, 0, 255
fc:5a:18:28:15:53, 2018-04-17 05:10, 112, 0, 0, 51
fc:5a:18:28:15:53, 2018-04-17 05:11, 112, 0, 0, 255
fc:5a:18:28:15:53, 2018-04-17 05:12, 112, 0, 0, 47
fc:5a:18:28:15:53, 2018-04-17 05:13, 112, 0, 0, 255
fc:5a:18:28:15:53, 2018-04-17 05:14, 112, 0, 0, 49
fc:5a:18:28:15:53, 2018-04-17 05:15, 112, 0, 0, 255
fc:5a:18:28:15:53, 2018-04-17 05:16, 112, 0, 0, 61
fc:5a:18:28:15:53, 2018-04-17 05:17, 112, 27, 0, 255
fc:5a:18:28:15:53, 2018-04-17 05:18, 112, 21, 0, 89
fc:5a:18:28:15:53, 2018-04-17 05:19, 112, 2, 0, 255
fc:5a:18:28:15:53, 2018-04-17 05:20, 112, 0, 0, 47
fc:5a:18:28:15:53, 2018-04-17 05:21, 112, 0, 0, 255
fc:5a:18:28:15:53, 2018-04-17 05:22, 112, 0, 0, 48
fc:5a:18:28:15:53, 2018-04-17 05:23, 112, 0, 0, 255
fc:5a:18:28:15:53, 2018-04-17 05:24, 112, 0, 0, 52
fc:5a:18:28:15:53, 2018-04-17 05:25, 112, 0, 0, 255
fc:5a:18:28:15:53, 2018-04-17 05:26, 112, 0, 0, 60
fc:5a:18:28:15:53, 2018-04-17 05:27, 112, 20, 0, 255
fc:5a:18:28:15:53, 2018-04-17 05:28, 112, 0, 0, 49
fc:5a:18:28:15:53, 2018-04-17 05:29, 112, 17, 0, 255
fc:5a:18:28:15:53, 2018-04-17 05:30, 112, 0, 0, 50
fc:5a:18:28:15:53, 2018-04-17 05:31, 112, 10, 0, 255
fc:5a:18:28:15:53, 2018-04-17 05:32, 112, 10, 0, 52
fc:5a:18:28:15:53, 2018-04-17 05:33, 121, 8, 0, 255
fc:5a:18:28:15:53, 2018-04-17 05:34, 112, 0, 0, 44
fc:5a:18:28:15:53, 2018-04-17 05:35, 112, 0, 0, 255
fc:5a:18:28:15:53, 2018-04-17 05:36, 112, 0, 0, 45
fc:5a:18:28:15:53, 2018-04-17 05:37, 112, 0, 0, 255
fc:5a:18:28:15:53, 2018-04-17 05:38, 112, 17, 0, 49
fc:5a:18:28:15:53, 2018-04-17 05:39, 112, 0, 0, 255
fc:5a:18:28:15:53, 2018-04-17 05:40, 112, 0, 0, 52
fc:5a:18:28:15:53, 2018-04-17 05:41, 112, 13, 0, 255
fc:5a:18:28:15:53, 2018-04-17 05:42, 112, 1, 0, 48
fc:5a:18:28:15:53, 2018-04-17 05:43, 121, 11, 0, 255
fc:5a:18:28:15:53, 2018-04-17 05:44, 112, 8, 0, 46
fc:5a:18:28:15:53, 2018-04-17 05:45, 80, 13, 0, 255
fc:5a:18:28:15:53, 2018-04-17 05:46, 80, 0, 0, 52
fc:5a:18:28:15:53, 2018-04-17 05:47, 90, 20, 0, 255
fc:5a:18:28:15:53, 2018-04-17 05:48, 90, 20, 0, 58
fc:5a:18:28:15:53, 2018-04-17 05:49, 80, 0, 0, 255
fc:5a:18:28:15:53, 2018-04-17 05:50, 80, 0, 0, 61
fc:5a:18:28:15:53, 2018-04-17 05:51, 112, 0, 0, 255
fc:5a:18:28:15:53, 2018-04-17 05:52, 112, 0, 0, 57
fc:5a:18:28:15:53, 2018-04-17 05:53, 112, 14, 0, 255
fc:5a:18:28:15:53, 2018-04-17 05:54, 112, 0, 0, 45
fc:5a:18:28:15:53, 2018-04-17 05:55, 112, 14, 0, 255
fc:5a:18:28:15:53, 2018-04-17 05:56, 80, 0, 0, 47
fc:5a:18:28:15:53, 2018-04-17 05:57, 80, 0, 0, 255
fc:5a:18:28:15:53, 2018-04-17 05:58, 80, 0, 0, 57
fc:5a:18:28:15:53, 2018-04-17 05:59, 80, 14, 0, 255
fc:5a:18:28:15:53, 2018-04-17 06:00, 90, 20, 0, 44
fc:5a:18:28:15:53, 2018-04-17 06:01, 90, 20, 0, 255
fc:5a:18:28:15:53, 2018-04-17 06:02, 80, 0, 0, 56
fc:5a:18:28:15:53, 2018-04-17 06:03, 112, 0, 0, 255
fc:5a:18:28:15:53, 2018-04-17 06:04, 112, 0, 0, 46
fc:5a:18:28:15:53, 2018-04-17 06:05, 112, 0, 0, 255
fc:5a:18:28:15:53, 2018-04-17 06:06, 112, 0, 0, 48
fc:5a:18:28:15:53, 2018-04-17 06:07, 112, 0, 0, 255
fc:5a:18:28:15:53, 2018-04-17 06:08, 112, 0, 0, 46
fc:5a:18:28:15:53, 2018-04-17 06:09, 112, 0, 0, 255
fc:5a:18:28:15:53, 2018-04-17 06:10, 112, 10, 0, 49
fc:5a:18:28:15:53, 2018-04-17 06:11, 122, 20, 0, 255
fc:5a:18:28:15:53, 2018-04-17 06:12, 112, 19, 0, 47
fc:5a:18:28:15:53, 2018-04-17 06:13, 80, 0, 0, 255
fc:5a:18:28:15:53, 2018-04-17 06:14, 80, 0, 0, 49
fc:5a:18:28:15:53, 2018-04-17 06:15, 80, 0, 0, 255
fc:5a:18:28:15:53, 2018-04-17 06:16, 80, 6, 0, 64
fc:5a:18:28:15:53, 2018-04-17 06:17, 80, 0, 0, 255
fc:5a:18:28:15:53, 2018-04-17 06:18, 80, 0, 0, 48
fc:5a:18:28:15:53, 2018-04-17 06:19, 112, 14, 0, 255
fc:5a:18:28:15:53, 2018-04-17 06:20, 112, 0, 0, 47
fc:5a:18:28:15:53, 2018-04-17 06:21, 112, 0, 0, 255
fc:5a:18:28:15:53, 2018-04-17 06:22, 112, 0, 0, 56
fc:5a:18:28:15:53, 2018-04-17 06:23, 112, 0, 0, 255
fc:5a:18:28:15:53, 2018-04-17 06:24, 112, 0, 0, 50
fc:5a:18:28:15:53, 2018-04-17 06:25, 112, 0, 0, 255
fc:5a:18:28:15:53, 2018-04-17 06:26, 112, 0, 0, 46
fc:5a:18:28:15:53, 2018-04-17 06:27, 112, 0, 0, 255
fc:5a:18:28:15:53, 2018-04-17 06:28, 112, 0, 0, 48
fc:5a:18:28:15:53, 2018-04-17 06:29, 112, 0, 0, 255
fc:5a:18:28:15:53, 2018-04-17 06:30, 112, 0, 0, 51
fc:5a:18:28:15:53, 2018-04-17 06:31, 112, 0, 0, 255
fc:5a:18:28:15:53, 2018-04-17 06:32, 112, 0, 0, 46
fc:5a:18:28:15:53, 2018-04-17 06:33, 112, 0, 0, 255
fc:5a:18:28:15:53, 2018-04-17 06:34, 112, 0, 0, 48
fc:5a:18:28:15:53, 2018-04-17 06:35, 112, 0, 0, 255
fc:5a:18:28:15:53, 2018-04-17 06:36, 112, 0, 0, 54
fc:5a:18:28:15:53, 2018-04-17 06:37, 112, 0, 0, 255
fc:5a:18:28:15:53, 2018-04-17 06:38, 112, 15, 0, 48
fc:5a:18:28:15:53, 2018-04-17 06:39, 112, 0, 0, 255
fc:5a:18:28:15:53, 2018-04-17 06:40, 112, 11, 0, 53
fc:5a:18:28:15:53, 2018-04-17 06:41, 112, 45, 0, 255
fc:5a:18:28:15:53, 2018-04-17 06:42, 112, 0, 0, 46
fc:5a:18:28:15:53, 2018-04-17 06:43, 122, 20, 0, 255
fc:5a:18:28:15:53, 2018-04-17 06:44, 112, 31, 0, 47
fc:5a:18:28:15:53, 2018-04-17 06:45, 122, 20, 0, 255
fc:5a:18:28:15:53, 2018-04-17 06:46, 122, 20, 0, 45
fc:5a:18:28:15:53, 2018-04-17 06:47, 112, 0, 0, 255
fc:5a:18:28:15:53, 2018-04-17 06:48, 112, 8, 0, 51
fc:5a:18:28:15:53, 2018-04-17 06:49, 112, 0, 0, 255
fc:5a:18:28:15:53, 2018-04-17 06:50, 112, 0, 0, 50
fc:5a:18:28:15:53, 2018-04-17 06:51, 112, 0, 0, 255
fc:5a:18:28:15:53, 2018-04-17 06:52, 112, 0, 0, 44
fc:5a:18:28:15:53, 2018-04-17 06:53, 112, 0, 0, 255
fc:5a:18:28:15:53, 2018-04-17 06:54, 112, 0, 0, 0
fc:5a:18:28:15:53, 2018-04-17 06:55, 112, 12, 0, 255
fc:5a:18:28:15:53, 2018-04-17 06:56, 112, 5, 0, 47
fc:5a:18:28:15:53, 2018-04-17 06:57, 112, 0, 0, 255
fc:5a:18:28:15:53, 2018-04-17 06:58, 112, 0, 0, 45
fc:5a:18:28:15:53, 2018-04-17 06:59, 112, 0, 0, 255
fc:5a:18:28:15:53, 2018-04-17 07:00, 112, 0, 0, 55
fc:5a:18:28:15:53, 2018-04-17 07:01, 112, 0, 0, 255
fc:5a:18:28:15:53, 2018-04-17 07:02, 112, 0, 0, 49
fc:5a:18:28:15:53, 2018-04-17 07:03, 112, 0, 0, 255
fc:5a:18:28:15:53, 2018-04-17 07:04, 112, 33, 0, 47
fc:5a:18:28:15:53, 2018-04-17 07:05, 122, 20, 0, 255
fc:5a:18:28:15:53, 2018-04-17 07:06, 112, 10, 0, 51
fc:5a:18:28:15:53, 2018-04-17 07:07, 122, 20, 0, 255
fc:5a:18:28:15:53, 2018-04-17 07:08, 112, 0, 0, 49
fc:5a:18:28:15:53, 2018-04-17 07:09, 112, 0, 0, 255
fc:5a:18:28:15:53, 2018-04-17 07:10, 112, 0, 0, 44
fc:5a:18:28:15:53, 2018-04-17 07:11, 112, 0, 0, 255
fc:5a:18:28:15:53, 2018-04-17 07:12, 112, 15, 0, 47
fc:5a:18:28:15:53, 2018-04-17 07:13, 80, 20, 0, 255
fc:5a:18:28:15:53, 2018-04-17 07:14, 90, 20, 0, 43
fc:5a:18:28:15:53, 2018-04-17 07:15, 80, 12, 0, 255
fc:5a:18:28:15:53, 2018-04-17 07:16, 80, 38, 0, 49
fc:5a:18:28:15:53, 2018-04-17 07:17, 80, 0, 0, 255
fc:5a:18:28:15:53, 2018-04-17 07:18, 80, 14, 0, 50
fc:5a:18:28:15:53, 2018-04-17 07:19, 80, 2, 0, 255
fc:5a:18:28:15:53, 2018-04-17 07:20, 80, 13, 0, 53
fc:5a:18:28:15:53, 2018-04-17 07:21, 80, 0, 0, 255
fc:5a:18:28:15:53, 2018-04-17 07:22, 80, 11, 0, 54
fc:5a:18:28:15:53, 2018-04-17 07:23, 80, 21, 0, 255
fc:5a:18:28:15:53, 2018-04-17 07:24, 80, 0, 0, 47
fc:5a:18:28:15:53, 2018-04-17 07:25, 80, 43, 0, 255
fc:5a:18:28:15:53, 2018-04-17 07:26, 80, 0, 0, 46
fc:5a:18:28:15:53, 2018-04-17 07:27, 80, 0, 0, 255
fc:5a:18:28:15:53, 2018-04-17 07:28, 80, 0, 0, 47
fc:5a:18:28:15:53, 2018-04-17 07:29, 80, 0, 0, 255
fc:5a:18:28:15:53, 2018-04-17 07:30, 80, 0, 0, 46
fc:5a:18:28:15:53, 2018-04-17 07:31, 80, 0, 0, 255
fc:5a:18:28:15:53, 2018-04-17 07:32, 80, 0, 0, 47
fc:5a:18:28:15:53, 2018-04-17 07:33, 80, 0, 0, 255
fc:5a:18:28:15:53, 2018-04-17 07:34, 90, 20, 0, 50
fc:5a:18:28:15:53, 2018-04-17 07:35, 112, 0, 0, 255
fc:5a:18:28:15:53, 2018-04-17 07:36, 112, 1, 0, 75
fc:5a:18:28:15:53, 2018-04-17 07:37, 112, 0, 0, 255
fc:5a:18:28:15:53, 2018-04-17 07:38, 112, 0, 0, 60
fc:5a:18:28:15:53, 2018-04-17 07:39, 112, 0, 0, 255
fc:5a:18:28:15:53, 2018-04-17 07:40, 112, 0, 0, 49
fc:5a:18:28:15:53, 2018-04-17 07:41, 112, 0, 0, 255
fc:5a:18:28:15:53, 2018-04-17 07:42, 122, 20, 0, 46
fc:5a:18:28:15:53, 2018-04-17 07:43, 112, 31, 0, 255
fc:5a:18:28:15:53, 2018-04-17 07:44, 112, 31, 0, 62
fc:5a:18:28:15:53, 2018-04-17 07:45, 112, 51, 0, 255
fc:5a:18:28:15:53, 2018-04-17 07:46, 112, 39, 0, 82
fc:5a:18:28:15:53, 2018-04-17 07:47, 112, 54, 0, 255
fc:5a:18:28:15:53, 2018-04-17 07:48, 112, 14, 0, 69
fc:5a:18:28:15:53, 2018-04-17 07:49, 112, 55, 0, 255
fc:5a:18:28:15:53, 2018-04-17 07:50, 112, 26, 0, 70
fc:5a:18:28:15:53, 2018-04-17 07:51, 80, 20, 0, 255
fc:5a:18:28:15:53, 2018-04-17 07:52, 92, 59, 0, 0
fc:5a:18:28:15:53, 2018-04-17 07:53, 96, 76, 12, 255
fc:5a:18:28:15:53, 2018-04-17 07:54, 96, 62, 0, 255
fc:5a:18:28:15:53, 2018-04-17 07:55, 96, 53, 0, 255
fc:5a:18:28:15:53, 2018-04-17 07:56, 96, 53, 0, 255
fc:5a:18:28:15:53, 2018-04-17 07:57, 96, 48, 0, 54
fc:5a:18:28:15:53, 2018-04-17 07:58, 96, 44, 0, 255
fc:5a:18:28:15:53, 2018-04-17 07:59, 96, 57, 0, 255
fc:5a:18:28:15:53, 2018-04-17 08:00, 80, 42, 0, 255
fc:5a:18:28:15:53, 2018-04-17 08:01, 80, 47, 0, 255
fc:5a:18:28:15:53, 2018-04-17 08:02, 80, 30, 0, 62
fc:5a:18:28:15:53, 2018-04-17 08:03, 80, 42, 0, 255
fc:5a:18:28:15:53, 2018-04-17 08:04, 80, 61, 0, 255
fc:5a:18:28:15:53, 2018-04-17 08:05, 80, 54, 0, 255
fc:5a:18:28:15:53, 2018-04-17 08:06, 80, 55, 0, 255
fc:5a:18:28:15:53, 2018-04-17 08:07, 96, 41, 0, 82
fc:5a:18:28:15:53, 2018-04-17 08:08, 96, 61, 0, 255
fc:5a:18:28:15:53, 2018-04-17 08:09, 80, 54, 0, 255
fc:5a:18:28:15:53, 2018-04-17 08:10, 80, 37, 0, 255
fc:5a:18:28:15:53, 2018-04-17 08:11, 1, 64, 24, 255
fc:5a:18:28:15:53, 2018-04-17 08:12, 96, 27, 0, 0
fc:5a:18:28:15:53, 2018-04-17 08:13, 96, 0, 0, 255
fc:5a:18:28:15:53, 2018-04-17 08:14, 96, 0, 0, 255
fc:5a:18:28:15:53, 2018-04-17 08:15, 96, 0, 0, 255
fc:5a:18:28:15:53, 2018-04-17 08:16, 96, 0, 0, 255
fc:5a:18:28:15:53, 2018-04-17 08:17, 96, 0, 0, 0
fc:5a:18:28:15:53, 2018-04-17 08:18, 112, 0, 0, 255
fc:5a:18:28:15:53, 2018-04-17 08:19, 112, 0, 0, 255
fc:5a:18:28:15:53, 2018-04-17 08:20, 112, 0, 0, 255
fc:5a:18:28:15:53, 2018-04-17 08:21, 112, 0, 0, 255
fc:5a:18:28:15:53, 2018-04-17 08:22, 123, 0, 0, 0
fc:5a:18:28:15:53, 2018-04-17 08:23, 112, 0, 0, 255
fc:5a:18:28:15:53, 2018-04-17 08:24, 112, 22, 0, 0
fc:5a:18:28:15:53, 2018-04-17 08:25, 122, 20, 0, 255
fc:5a:18:28:15:53, 2018-04-17 08:26, 112, 0, 0, 0
fc:5a:18:28:15:53, 2018-04-17 08:27, 112, 67, 0, 255
fc:5a:18:28:15:53, 2018-04-17 08:28, 121, 71, 0, 103
fc:5a:18:28:15:53, 2018-04-17 08:29, 112, 67, 0, 255
fc:5a:18:28:15:53, 2018-04-17 08:30, 28, 93, 38, 72
fc:5a:18:28:15:53, 2018-04-17 08:31, 1, 90, 61, 255
fc:5a:18:28:15:53, 2018-04-17 08:32, 1, 80, 65, 255
fc:5a:18:28:15:53, 2018-04-17 08:33, 1, 97, 26, 255
fc:5a:18:28:15:53, 2018-04-17 08:34, 96, 63, 0, 255
fc:5a:18:28:15:53, 2018-04-17 08:35, 96, 44, 0, 83
fc:5a:18:28:15:53, 2018-04-17 08:36, 96, 62, 0, 255
fc:5a:18:28:15:53, 2018-04-17 08:37, 96, 51, 0, 255
fc:5a:18:28:15:53, 2018-04-17 08:38, 1, 60, 17, 255
fc:5a:18:28:15:53, 2018-04-17 08:39, 1, 79, 52, 255
fc:5a:18:28:15:53, 2018-04-17 08:40, 1, 91, 91, 84
fc:5a:18:28:15:53, 2018-04-17 08:41, 1, 97, 105, 255
fc:5a:18:28:15:53, 2018-04-17 08:42, 1, 54, 38, 255
fc:5a:18:28:15:53, 2018-04-17 08:43, 96, 31, 0, 255
fc:5a:18:28:15:53, 2018-04-17 08:44, 96, 7, 0, 255
fc:5a:18:28:15:53, 2018-04-17 08:45, 80, 18, 0, 80
fc:5a:18:28:15:53, 2018-04-17 08:46, 80, 13, 0, 255
fc:5a:18:28:15:53, 2018-04-17 08:47, 80, 18, 0, 255
fc:5a:18:28:15:53, 2018-04-17 08:48, 80, 12, 0, 255
fc:5a:18:28:15:53, 2018-04-17 08:49, 80, 1, 0, 255
fc:5a:18:28:15:53, 2018-04-17 08:50, 90, 20, 0, 75
fc:5a:18:28:15:53, 2018-04-17 08:51, 80, 16, 0, 255
fc:5a:18:28:15:53, 2018-04-17 08:52, 80, 27, 0, 255
fc:5a:18:28:15:53, 2018-04-17 08:53, 80, 14, 0, 255
fc:5a:18:28:15:53, 2018-04-17 08:54, 80, 23, 0, 255
fc:5a:18:28:15:53, 2018-04-17 08:55, 80, 27, 0, 76
fc:5a:18:28:15:53, 2018-04-17 08:56, 90, 20, 0, 255
fc:5a:18:28:15:53, 2018-04-17 08:57, 80, 34, 0, 255
fc:5a:18:28:15:53, 2018-04-17 08:58, 80, 66, 14, 255
fc:5a:18:28:15:53, 2018-04-17 08:59, 96, 11, 0, 255
fc:5a:18:28:15:53, 2018-04-17 09:00, 96, 10, 0, 76
fc:5a:18:28:15:53, 2018-04-17 09:01, 80, 34, 0, 255
fc:5a:18:28:15:53, 2018-04-17 09:02, 80, 14, 0, 255
fc:5a:18:28:15:53, 2018-04-17 09:03, 80, 20, 0, 255
fc:5a:18:28:15:53, 2018-04-17 09:04, 80, 8, 0, 255
fc:5a:18:28:15:53, 2018-04-17 09:05, 80, 11, 0, 73
fc:5a:18:28:15:53, 2018-04-17 09:06, 80, 11, 0, 255
fc:5a:18:28:15:53, 2018-04-17 09:07, 80, 12, 0, 255
fc:5a:18:28:15:53, 2018-04-17 09:08, 80, 13, 0, 255
fc:5a:18:28:15:53, 2018-04-17 09:09, 80, 14, 0, 255
fc:5a:18:28:15:53, 2018-04-17 09:10, 80, 19, 0, 75
fc:5a:18:28:15:53, 2018-04-17 09:11, 80, 12, 0, 255
fc:5a:18:28:15:53, 2018-04-17 09:12, 80, 25, 0, 255
fc:5a:18:28:15:53, 2018-04-17 09:13, 80, 21, 0, 255
fc:5a:18:28:15:53, 2018-04-17 09:14, 80, 20, 0, 255
fc:5a:18:28:15:53, 2018-04-17 09:15, 80, 25, 0, 68
fc:5a:18:28:15:53, 2018-04-17 09:16, 90, 20, 0, 255
fc:5a:18:28:15:53, 2018-04-17 09:17, 80, 21, 0, 255
fc:5a:18:28:15:53, 2018-04-17 09:18, 80, 18, 0, 255
fc:5a:18:28:15:53, 2018-04-17 09:19, 80, 12, 0, 255
fc:5a:18:28:15:53, 2018-04-17 09:20, 80, 13, 0, 77
fc:5a:18:28:15:53, 2018-04-17 09:21, 80, 11, 0, 255
fc:5a:18:28:15:53, 2018-04-17 09:22, 80, 29, 0, 255
fc:5a:18:28:15:53, 2018-04-17 09:23, 80, 8, 0, 255
fc:5a:18:28:15:53, 2018-04-17 09:24, 80, 4, 0, 255
fc:5a:18:28:15:53, 2018-04-17 09:25, 80, 15, 0, 81
fc:5a:18:28:15:53, 2018-04-17 09:26, 80, 10, 0, 255
fc:5a:18:28:15:53, 2018-04-17 09:27, 80, 11, 0, 255
fc:5a:18:28:15:53, 2018-04-17 09:28, 80, 32, 0, 255
fc:5a:18:28:15:53, 2018-04-17 09:29, 1, 70, 31, 255
fc:5a:18:28:15:53, 2018-04-17 09:30, 1, 109, 99, 0
fc:5a:18:28:15:53, 2018-04-17 09:31, 1, 119, 102, 255
fc:5a:18:28:15:53, 2018-04-17 09:32, 17, 115, 90, 255
fc:5a:18:28:15:53, 2018-04-17 09:33, 96, 41, 0, 255
fc:5a:18:28:15:53, 2018-04-17 09:34, 80, 20, 0, 255
fc:5a:18:28:15:53, 2018-04-17 09:35, 80, 45, 0, 85
fc:5a:18:28:15:53, 2018-04-17 09:36, 80, 56, 0, 255
fc:5a:18:28:15:53, 2018-04-17 09:37, 1, 117, 104, 255
fc:5a:18:28:15:53, 2018-04-17 09:38, 1, 107, 98, 255
fc:5a:18:28:15:53, 2018-04-17 09:39, 1, 115, 100, 255
fc:5a:18:28:15:53, 2018-04-17 09:40, 1, 108, 99, 101
fc:5a:18:28:15:53, 2018-04-17 09:41, 1, 109, 102, 255
fc:5a:18:28:15:53, 2018-04-17 09:42, 1, 33, 15, 255
fc:5a:18:28:15:53, 2018-04-17 09:43, 1, 53, 31, 255
fc:5a:18:28:15:53, 2018-04-17 09:44, 96, 27, 0, 255
fc:5a:18:28:15:53, 2018-04-17 09:45, 1, 61, 29, 91
fc:5a:18:28:15:53, 2018-04-17 09:46, 1, 113, 109, 255
fc:5a:18:28:15:53, 2018-04-17 09:47, 1, 86, 79, 255
fc:5a:18:28:15:53, 2018-04-17 09:48, 1, 72, 29, 255
fc:5a:18:28:15:53, 2018-04-17 09:49, 1, 130, 114, 255
fc:5a:18:28:15:53, 2018-04-17 09:50, 1, 119, 112, 75
fc:5a:18:28:15:53, 2018-04-17 09:51, 1, 114, 109, 255
fc:5a:18:28:15:53, 2018-04-17 09:52, 1, 122, 114, 255
fc:5a:18:28:15:53, 2018-04-17 09:53, 1, 126, 118, 255
fc:5a:18:28:15:53, 2018-04-17 09:54, 1, 134, 119, 255
fc:5a:18:28:15:53, 2018-04-17 09:55, 1, 130, 111, 120
fc:5a:18:28:15:53, 2018-04-17 09:56, 96, 47, 14, 255
fc:5a:18:28:15:53, 2018-04-17 09:57, 96, 54, 0, 255
fc:5a:18:28:15:53, 2018-04-17 09:58, 80, 11, 0, 255
fc:5a:18:28:15:53, 2018-04-17 09:59, 80, 24, 0, 255
fc:5a:18:28:15:53, 2018-04-17 10:00, 80, 22, 0, 81
fc:5a:18:28:15:53, 2018-04-17 10:01, 80, 16, 0, 255
fc:5a:18:28:15:53, 2018-04-17 10:02, 80, 28, 0, 255
fc:5a:18:28:15:53, 2018-04-17 10:03, 80, 16, 0, 255
fc:5a:18:28:15:53, 2018-04-17 10:04, 1, 70, 16, 255
fc:5a:18:28:15:53, 2018-04-17 10:05, 1, 124, 114, 106
fc:5a:18:28:15:53, 2018-04-17 10:06, 1, 130, 118, 255
fc:5a:18:28:15:53, 2018-04-17 10:07, 1, 133, 118, 255
fc:5a:18:28:15:53, 2018-04-17 10:08, 1, 123, 115, 255
fc:5a:18:28:15:53, 2018-04-17 10:09, 1, 127, 116, 255
fc:5a:18:28:15:53, 2018-04-17 10:10, 1, 132, 114, 117
fc:5a:18:28:15:53, 2018-04-17 10:11, 1, 99, 86, 255
fc:5a:18:28:15:53, 2018-04-17 10:12, 96, 40, 0, 255
fc:5a:18:28:15:53, 2018-04-17 10:13, 96, 53, 0, 255
fc:5a:18:28:15:53, 2018-04-17 10:14, 96, 23, 0, 255
fc:5a:18:28:15:53, 2018-04-17 10:15, 1, 96, 91, 58
fc:5a:18:28:15:53, 2018-04-17 10:16, 96, 70, 14, 255
fc:5a:18:28:15:53, 2018-04-17 10:17, 96, 28, 0, 255
fc:5a:18:28:15:53, 2018-04-17 10:18, 96, 18, 0, 255
fc:5a:18:28:15:53, 2018-04-17 10:19, 106, 20, 0, 255
fc:5a:18:28:15:53, 2018-04-17 10:20, 96, 23, 0, 84
fc:5a:18:28:15:53, 2018-04-17 10:21, 96, 48, 0, 255
fc:5a:18:28:15:53, 2018-04-17 10:22, 106, 20, 0, 255
fc:5a:18:28:15:53, 2018-04-17 10:23, 96, 1, 0, 255
fc:5a:18:28:15:53, 2018-04-17 10:24, 80, 34, 0, 255
fc:5a:18:28:15:53, 2018-04-17 10:25, 90, 20, 0, 69
fc:5a:18:28:15:53, 2018-04-17 10:26, 80, 15, 0, 255
fc:5a:18:28:15:53, 2018-04-17 10:27, 90, 20, 0, 255
fc:5a:18:28:15:53, 2018-04-17 10:28, 80, 22, 0, 255
fc:5a:18:28:15:53, 2018-04-17 10:29, 80, 18, 0, 255
fc:5a:18:28:15:53, 2018-04-17 10:30, 80, 9, 0, 76
fc:5a:18:28:15:53, 2018-04-17 10:31, 80, 18, 0, 255
fc:5a:18:28:15:53, 2018-04-17 10:32, 80, 6, 0, 255
fc:5a:18:28:15:53, 2018-04-17 10:33, 80, 15, 0, 255
fc:5a:18:28:15:53, 2018-04-17 10:34, 80, 18, 0, 255
fc:5a:18:28:15:53, 2018-04-17 10:35, 80, 27, 0, 82
fc:5a:18:28:15:53, 2018-04-17 10:36, 80, 11, 0, 255
fc:5a:18:28:15:53, 2018-04-17 10:37, 80, 15, 0, 255
fc:5a:18:28:15:53, 2018-04-17 10:38, 90, 20, 0, 255
fc:5a:18:28:15:53, 2018-04-17 10:39, 80, 9, 0, 255
fc:5a:18:28:15:53, 2018-04-17 10:40, 80, 3, 0, 75
fc:5a:18:28:15:53, 2018-04-17 10:41, 80, 16, 0, 255
fc:5a:18:28:15:53, 2018-04-17 10:42, 90, 20, 0, 255
fc:5a:18:28:15:53, 2018-04-17 10:43, 90, 20, 0, 255
fc:5a:18:28:15:53, 2018-04-17 10:44, 80, 6, 0, 255
fc:5a:18:28:15:53, 2018-04-17 10:45, 80, 7, 0, 68
fc:5a:18:28:15:53, 2018-04-17 10:46, 80, 4, 0, 255
fc:5a:18:28:15:53, 2018-04-17 10:47, 80, 28, 0, 255
fc:5a:18:28:15:53, 2018-04-17 10:48, 80, 36, 0, 255
fc:5a:18:28:15:53, 2018-04-17 10:49, 80, 21, 0, 255
fc:5a:18:28:15:53, 2018-04-17 10:50, 80, 15, 0, 72
fc:5a:18:28:15:53, 2018-04-17 10:51, 80, 18, 0, 255
fc:5a:18:28:15:53, 2018-04-17 10:52, 80, 9, 0, 255
fc:5a:18:28:15:53, 2018-04-17 10:53, 80, 33, 0, 255
fc:5a:18:28:15:53, 2018-04-17 10:54, 80, 16, 0, 255
fc:5a:18:28:15:53, 2018-04-17 10:55, 80, 23, 0, 72
fc:5a:18:28:15:53, 2018-04-17 10:56, 80, 31, 0, 255
fc:5a:18:28:15:53, 2018-04-17 10:57, 80, 25, 0, 255
fc:5a:18:28:15:53, 2018-04-17 10:58, 80, 19, 0, 255
fc:5a:18:28:15:53, 2018-04-17 10:59, 80, 21, 0, 255
fc:5a:18:28:15:53, 2018-04-17 11:00, 80, 12, 0, 64
fc:5a:18:28:15:53, 2018-04-17 11:01, 80, 14, 0, 255
fc:5a:18:28:15:53, 2018-04-17 11:02, 80, 22, 0, 255
fc:5a:18:28:15:53, 2018-04-17 11:03, 80, 13, 0, 255
fc:5a:18:28:15:53, 2018-04-17 11:04, 80, 24, 0, 255
fc:5a:18:28:15:53, 2018-04-17 11:05, 80, 18, 0, 65
fc:5a:18:28:15:53, 2018-04-17 11:06, 80, 16, 0, 255
fc:5a:18:28:15:53, 2018-04-17 11:07, 80, 6, 0, 255
fc:5a:18:28:15:53, 2018-04-17 11:08, 80, 24, 0, 255
fc:5a:18:28:15:53, 2018-04-17 11:09, 80, 12, 0, 255
fc:5a:18:28:15:53, 2018-04-17 11:10, 80, 6, 0, 62
fc:5a:18:28:15:53, 2018-04-17 11:11, 80, 27, 0, 255
fc:5a:18:28:15:53, 2018-04-17 11:12, 1, 76, 43, 255
fc:5a:18:28:15:53, 2018-04-17 11:13, 96, 44, 0, 255
fc:5a:18:28:15:53, 2018-04-17 11:14, 106, 20, 0, 255
fc:5a:18:28:15:53, 2018-04-17 11:15, 80, 26, 0, 59
fc:5a:18:28:15:53, 2018-04-17 11:16, 80, 18, 0, 255
fc:5a:18:28:15:53, 2018-04-17 11:17, 80, 11, 0, 255
fc:5a:18:28:15:53, 2018-04-17 11:18, 80, 24, 0, 255
fc:5a:18:28:15:53, 2018-04-17 11:19, 90, 20, 0, 255
fc:5a:18:28:15:53, 2018-04-17 11:20, 90, 20, 0, 65
fc:5a:18:28:15:53, 2018-04-17 11:21, 90, 20, 0, 255
fc:5a:18:28:15:53, 2018-04-17 11:22, 80, 21, 0, 255
fc:5a:18:28:15:53, 2018-04-17 11:23, 80, 46, 0, 255
fc:5a:18:28:15:53, 2018-04-17 11:24, 1, 87, 30, 255
fc:5a:18:28:15:53, 2018-04-17 11:25, 96, 42, 0, 50
fc:5a:18:28:15:53, 2018-04-17 11:26, 96, 17, 0, 255
fc:5a:18:28:15:53, 2018-04-17 11:27, 96, 43, 0, 255
fc:5a:18:28:15:53, 2018-04-17 11:28, 96, 0, 0, 255
fc:5a:18:28:15:53, 2018-04-17 11:29, 96, 0, 0, 255
fc:5a:18:28:15:53, 2018-04-17 11:30, 96, 0, 0, 0
fc:5a:18:28:15:53, 2018-04-17 11:31, 96, 0, 0, 255
fc:5a:18:28:15:53, 2018-04-17 11:32, 96, 0, 0, 255
fc:5a:18:28:15:53, 2018-04-17 11:33, 96, 0, 0, 255
fc:5a:18:28:15:53, 2018-04-17 11:34, 112, 0, 0, 255
fc:5a:18:28:15:53, 2018-04-17 11:35, 112, 0, 0, 0
fc:5a:18:28:15:53, 2018-04-17 11:36, 112, 0, 0, 255
fc:5a:18:28:15:53, 2018-04-17 11:37, 112, 14, 0, 255
fc:5a:18:28:15:53, 2018-04-17 11:38, 112, 10, 0, 255
fc:5a:18:28:15:53, 2018-04-17 11:39, 123, 0, 0, 255
fc:5a:18:28:15:53, 2018-04-17 11:40, 112, 14, 0, 0
fc:5a:18:28:15:53, 2018-04-17 11:41, 80, 28, 0, 255
fc:5a:18:28:15:53, 2018-04-17 11:42, 80, 19, 0, 0
fc:5a:18:28:15:53, 2018-04-17 11:43, 80, 0, 0, 255
fc:5a:18:28:15:53, 2018-04-17 11:44, 80, 0, 0, 0
fc:5a:18:28:15:53, 2018-04-17 11:45, 80, 0, 0, 255
fc:5a:18:28:15:53, 2018-04-17 11:46, 80, 0, 0, 0
fc:5a:18:28:15:53, 2018-04-17 11:47, 80, 0, 0, 255
fc:5a:18:28:15:53, 2018-04-17 11:48, 80, 0, 0, 0
fc:5a:18:28:15:53, 2018-04-17 11:49, 112, 0, 0, 255
fc:5a:18:28:15:53, 2018-04-17 11:50, 112, 0, 0, 0
fc:5a:18:28:15:53, 2018-04-17 11:51, 112, 0, 0, 255
fc:5a:18:28:15:53, 2018-04-17 11:52, 112, 0, 0, 0
fc:5a:18:28:15:53, 2018-04-17 11:53, 112, 0, 0, 255
fc:5a:18:28:15:53, 2018-04-17 11:54, 112, 0, 0, 0
fc:5a:18:28:15:53, 2018-04-17 11:55, 112, 0, 0, 255
fc:5a:18:28:15:53, 2018-04-17 11:56, 112, 0, 0, 0
fc:5a:18:28:15:53, 2018-04-17 11:57, 112, 0, 0, 255
fc:5a:18:28:15:53, 2018-04-17 11:58, 112, 0, 0, 0
fc:5a:18:28:15:53, 2018-04-17 11:59, 112, 0, 0, 255
fc:5a:18:28:15:53, 2018-04-17 12:00, 112, 0, 0, 0
fc:5a:18:28:15:53, 2018-04-17 12:01, 112, 0, 0, 255
fc:5a:18:28:15:53, 2018-04-17 12:02, 112, 0, 0, 0
fc:5a:18:28:15:53, 2018-04-17 12:03, 112, 0, 0, 255
fc:5a:18:28:15:53, 2018-04-17 12:04, 112, 0, 0, 0
fc:5a:18:28:15:53, 2018-04-17 12:05, 112, 0, 0, 255
fc:5a:18:28:15:53, 2018-04-17 12:06, 112, 0, 0, 0
fc:5a:18:28:15:53, 2018-04-17 12:07, 112, 0, 0, 255
fc:5a:18:28:15:53, 2018-04-17 12:08, 112, 0, 0, 0
fc:5a:18:28:15:53, 2018-04-17 12:09, 112, 0, 0, 255
fc:5a:18:28:15:53, 2018-04-17 12:10, 112, 0, 0, 0
fc:5a:18:28:15:53, 2018-04-17 12:11, 112, 0, 0, 255
fc:5a:18:28:15:53, 2018-04-17 12:12, 112, 0, 0, 0
fc:5a:18:28:15:53, 2018-04-17 12:13, 112, 0, 0, 255
fc:5a:18:28:15:53, 2018-04-17 12:14, 112, 0, 0, 0
fc:5a:18:28:15:53, 2018-04-17 12:15, 112, 0, 0, 255
fc:5a:18:28:15:53, 2018-04-17 12:16, 112, 0, 0, 0
fc:5a:18:28:15:53, 2018-04-17 12:17, 112, 0, 0, 255
fc:5a:18:28:15:53, 2018-04-17 12:18, 112, 0, 0, 0
fc:5a:18:28:15:53, 2018-04-17 12:19, 112, 0, 0, 255
fc:5a:18:28:15:53, 2018-04-17 12:20, 112, 0, 0, 0
fc:5a:18:28:15:53, 2018-04-17 12:21, 112, 0, 0, 255
fc:5a:18:28:15:53, 2018-04-17 12:22, 112, 0, 0, 0
fc:5a:18:28:15:53, 2018-04-17 12:23, 112, 0, 0, 255
fc:5a:18:28:15:53, 2018-04-17 12:24, 112, 0, 0, 0
fc:5a:18:28:15:53, 2018-04-17 12:25, 112, 0, 0, 255
fc:5a:18:28:15:53, 2018-04-17 12:26, 112, 0, 0, 0
fc:5a:18:28:15:53, 2018-04-17 12:27, 112, 0, 0, 255
fc:5a:18:28:15:53, 2018-04-17 12:28, 112, 0, 0, 0
fc:5a:18:28:15:53, 2018-04-17 12:29, 112, 0, 0, 255
fc:5a:18:28:15:53, 2018-04-17 12:30, 112, 0, 0, 0
fc:5a:18:28:15:53, 2018-04-17 12:31, 112, 0, 0, 255
fc:5a:18:28:15:53, 2018-04-17 12:32, 112, 0, 0, 0
fc:5a:18:28:15:53, 2018-04-17 12:33, 112, 0, 0, 255
fc:5a:18:28:15:53, 2018-04-17 12:34, 112, 0, 0, 0
fc:5a:18:28:15:53, 2018-04-17 12:35, 112, 0, 0, 255
fc:5a:18:28:15:53, 2018-04-17 12:36, 112, 0, 0, 0
fc:5a:18:28:15:53, 2018-04-17 12:37, 112, 0, 0, 255
fc:5a:18:28:15:53, 2018-04-17 12:38, 112, 0, 0, 0
fc:5a:18:28:15:53, 2018-04-17 12:39, 112, 0, 0, 255
fc:5a:18:28:15:53, 2018-04-17 12:40, 112, 17, 0, 0
fc:5a:18:28:15:53, 2018-04-17 12:41, 112, 0, 0, 255
fc:5a:18:28:15:53, 2018-04-17 12:42, 112, 0, 0, 0
fc:5a:18:28:15:53, 2018-04-17 12:43, 112, 0, 0, 255
fc:5a:18:28:15:53, 2018-04-17 12:44, 112, 0, 0, 0
fc:5a:18:28:15:53, 2018-04-17 12:45, 112, 0, 0, 255
fc:5a:18:28:15:53, 2018-04-17 12:46, 112, 0, 0, 0
fc:5a:18:28:15:53, 2018-04-17 12:47, 112, 0, 0, 255
fc:5a:18:28:15:53, 2018-04-17 12:48, 112, 0, 0, 0
fc:5a:18:28:15:53, 2018-04-17 12:49, 112, 0, 0, 255
fc:5a:18:28:15:53, 2018-04-17 12:50, 112, 0, 0, 0
fc:5a:18:28:15:53, 2018-04-17 12:51, 112, 0, 0, 255
fc:5a:18:28:15:53, 2018-04-17 12:52, 112, 0, 0, 0
fc:5a:18:28:15:53, 2018-04-17 12:53, 112, 0, 0, 255
fc:5a:18:28:15:53, 2018-04-17 12:54, 112, 0, 0, 0
fc:5a:18:28:15:53, 2018-04-17 12:55, 112, 0, 0, 255
fc:5a:18:28:15:53, 2018-04-17 12:56, 112, 0, 0, 0
fc:5a:18:28:15:53, 2018-04-17 12:57, 112, 0, 0, 255
fc:5a:18:28:15:53, 2018-04-17 12:58, 112, 0, 0, 0
fc:5a:18:28:15:53, 2018-04-17 12:59, 112, 17, 0, 255
fc:5a:18:28:15:53, 2018-04-17 13:00, 112, 16, 0, 0
fc:5a:18:28:15:53, 2018-04-17 13:01, 112, 18, 0, 255
fc:5a:18:28:15:53, 2018-04-17 13:02, 112, 0, 0, 0
fc:5a:18:28:15:53, 2018-04-17 13:03, 112, 0, 0, 255
fc:5a:18:28:15:53, 2018-04-17 13:04, 112, 21, 0, 0
fc:5a:18:28:15:53, 2018-04-17 13:05, 112, 19, 0, 255
fc:5a:18:28:15:53, 2018-04-17 13:06, 112, 0, 0, 0
fc:5a:18:28:15:53, 2018-04-17 13:07, 112, 17, 0, 255
fc:5a:18:28:15:53, 2018-04-17 13:08, 112, 23, 0, 0
fc:5a:18:28:15:53, 2018-04-17 13:09, 112, 16, 0, 255
fc:5a:18:28:15:53, 2018-04-17 13:10, 112, 7, 0, 0
fc:5a:18:28:15:53, 2018-04-17 13:11, 112, 14, 0, 255
fc:5a:18:28:15:53, 2018-04-17 13:12, 112, 0, 0, 0
fc:5a:18:28:15:53, 2018-04-17 13:13, 112, 0, 0, 255
fc:5a:18:28:15:53, 2018-04-17 13:14, 112, 0, 0, 0
fc:5a:18:28:15:53, 2018-04-17 13:15, 112, 15, 0, 255
fc:5a:18:28:15:53, 2018-04-17 13:16, 112, 9, 0, 0
fc:5a:18:28:15:53, 2018-04-17 13:17, 112, 23, 0, 255
fc:5a:18:28:15:53, 2018-04-17 13:18, 112, 0, 0, 0
fc:5a:18:28:15:53, 2018-04-17 13:19, 112, 28, 0, 255
fc:5a:18:28:15:53, 2018-04-17 13:20, 112, 0, 0, 0
fc:5a:18:28:15:53, 2018-04-17 13:21, 112, 0, 0, 255
fc:5a:18:28:15:53, 2018-04-17 13:22, 112, 0, 0, 0
fc:5a:18:28:15:53, 2018-04-17 13:23, 112, 0, 0, 255
fc:5a:18:28:15:53, 2018-04-17 13:24, 112, 0, 0, 0
fc:5a:18:28:15:53, 2018-04-17 13:25, 112, 0, 0, 255
fc:5a:18:28:15:53, 2018-04-17 13:26, 112, 0, 0, 0
fc:5a:18:28:15:53, 2018-04-17 13:27, 112, 0, 0, 255
fc:5a:18:28:15:53, 2018-04-17 13:28, 112, 0, 0, 0
fc:5a:18:28:15:53, 2018-04-17 13:29, 112, 0, 0, 255
fc:5a:18:28:15:53, 2018-04-17 13:30, 112, 0, 0, 0
fc:5a:18:28:15:53, 2018-04-17 13:31, 112, 0, 0, 255
fc:5a:18:28:15:53, 2018-04-17 13:32, 112, 0, 0, 0
fc:5a:18:28:15:53, 2018-04-17 13:33, 112, 0, 0, 255
fc:5a:18:28:15:53, 2018-04-17 13:34, 112, 0, 0, 0
fc:5a:18:28:15:53, 2018-04-17 13:35, 112, 0, 0, 255
fc:5a:18:28:15:53, 2018-04-17 13:36, 112, 0, 0, 0
fc:5a:18:28:15:53, 2018-04-17 13:37, 112, 0, 0, 255
fc:5a:18:28:15:53, 2018-04-17 13:38, 112, 0, 0, 0
fc:5a:18:28:15:53, 2018-04-17 13:39, 112, 0, 0, 255
fc:5a:18:28:15:53, 2018-04-17 13:40, 112, 0, 0, 0
fc:5a:18:28:15:53, 2018-04-17 13:41, 112, 0, 0, 255
fc:5a:18:28:15:53, 2018-04-17 13:42, 112, 0, 0, 0
fc:5a:18:28:15:53, 2018-04-17 13:43, 112, 0, 0, 255
fc:5a:18:28:15:53, 2018-04-17 13:44, 112, 0, 0, 0
fc:5a:18:28:15:53, 2018-04-17 13:45, 112, 0, 0, 255
fc:5a:18:28:15:53, 2018-04-17 13:46, 112, 0, 0, 0
fc:5a:18:28:15:53, 2018-04-17 13:47, 112, 0, 0, 255
fc:5a:18:28:15:53, 2018-04-17 13:48, 112, 0, 0, 0
fc:5a:18:28:15:53, 2018-04-17 13:49, 112, 0, 0, 255
fc:5a:18:28:15:53, 2018-04-17 13:50, 112, 0, 0, 0
fc:5a:18:28:15:53, 2018-04-17 13:51, 112, 0, 0, 255
fc:5a:18:28:15:53, 2018-04-17 13:52, 112, 0, 0, 0
fc:5a:18:28:15:53, 2018-04-17 13:53, 112, 0, 0, 255
fc:5a:18:28:15:53, 2018-04-17 13:54, 112, 0, 0, 0
fc:5a:18:28:15:53, 2018-04-17 13:55, 112, 0, 0, 255
fc:5a:18:28:15:53, 2018-04-17 13:56, 112, 0, 0, 0
fc:5a:18:28:15:53, 2018-04-17 13:57, 112, 0, 0, 255
fc:5a:18:28:15:53, 2018-04-17 13:58, 112, 0, 0, 0
fc:5a:18:28:15:53, 2018-04-17 13:59, 112, 0, 0, 255
fc:5a:18:28:15:53, 2018-04-17 14:00, 112, 0, 0, 0
fc:5a:18:28:15:53, 2018-04-17 14:01, 112, 0, 0, 255
fc:5a:18:28:15:53, 2018-04-17 14:02, 112, 0, 0, 0
fc:5a:18:28:15:53, 2018-04-17 14:03, 112, 0, 0, 255
fc:5a:18:28:15:53, 2018-04-17 14:04, 112, 0, 0, 0
fc:5a:18:28:15:53, 2018-04-17 14:05, 112, 0, 0, 255
fc:5a:18:28:15:53, 2018-04-17 14:06, 112, 0, 0, 0
